누적투자유치금액,기업추천수,지역명,투자일자,투자단계명,투자금액,기업가치금액,앱스토어 등록,구글플레이 등록,설립일자_분류,기술스택_개수,산업구분명_분류
20000000.0,0,수도권,20100101,투자 단계 비공개,20000000.0,,0,1,2017년 이전,1,IT
50280000000.0,71,수도권,20190615,Series B,12500000000.0,,1,1,2017년 이전,94,IT
200000000.0,0,수도권,20190101,투자 단계 비공개,,,0,0,2017년 이전,22,IT
230000000.0,1,수도권,20211201,Angel,230000000.0,200000000.0,0,0,2017년 이후,1,None IT
1200000000.0,2,수도권,20201201,Series A,1200000000.0,5700000000.0,0,0,2017년 이전,2,IT
1000000000.0,2,수도권,20100101,투자 단계 비공개,1000000000.0,,0,1,2017년 이전,1,IT
60000000.0,1,수도권,20160704,투자 단계 비공개,60000000.0,,0,0,2017년 이후,1,IT
7500000000.0,11,수도권,20190821,투자 단계 비공개,,8031424800.0,1,1,2017년 이후,7,None IT
1000000000.0,6,수도권,20200102,투자 단계 비공개,,,0,0,2017년 이후,11,IT
2325000000.0,28,수도권,20211029,Series A,2000000000.0,,0,0,2017년 이후,32,IT
6600000000.0,0,비수도권,20150717,투자 단계 비공개,3100000000.0,,0,0,2017년 이전,1,IT
20000000.0,0,수도권,20150601,투자 단계 비공개,20000000.0,,0,0,2017년 이전,1,None IT
5000000000.0,36,수도권,20210222,Series A,5000000000.0,,0,0,2017년 이전,20,IT
83850000000.0,22,수도권,20190219,Series B,62400000000.0,,0,0,2017년 이전,68,IT
5000000000.0,0,수도권,20160428,투자 단계 비공개,5000000000.0,,0,0,2017년 이전,36,IT
500000000.0,31,수도권,20170710,투자 단계 비공개,500000000.0,,0,0,2017년 이후,19,IT
96000000.0,0,비수도권,20210201,투자 단계 비공개,96000000.0,,0,1,2017년 이후,9,IT
5000000000.0,1,수도권,20210901,Seed,5000000000.0,5000000000.0,0,0,2017년 이후,13,IT
3750000000.0,7,수도권,20180814,Series A,300000000.0,,0,1,2017년 이전,23,IT
200000000.0,4,수도권,20190201,투자 단계 비공개,200000000.0,,0,0,2017년 이후,3,None IT
10000000.0,0,수도권,20150301,투자 단계 비공개,10000000.0,,0,0,2017년 이전,1,None IT
6500000000.0,37,수도권,20130901,투자 단계 비공개,200000000.0,,1,1,2017년 이전,22,IT
8000000000.0,5,수도권,20150105,투자 단계 비공개,8000000000.0,,0,0,2017년 이전,1,None IT
10300000000.0,5,수도권,20150102,투자 단계 비공개,9000000000.0,,0,0,2017년 이전,1,IT
9300000000.0,35,수도권,20150210,투자 단계 비공개,2000000000.0,,1,1,2017년 이전,48,IT
3000000000.0,12,수도권,20190517,Series A,3000000000.0,,1,1,2017년 이전,33,IT
3700000000.0,4,수도권,20170720,투자 단계 비공개,3000000000.0,,1,1,2017년 이전,18,IT
120000000.0,0,수도권,20150106,Seed,,,0,1,2017년 이전,25,IT
300000000.0,6,수도권,20200619,Seed,300000000.0,,0,0,2017년 이후,45,IT
200000000.0,3,비수도권,20210701,Angel,200000000.0,,0,0,2017년 이후,17,None IT
7500000000.0,11,수도권,20151001,투자 단계 비공개,2000000000.0,,0,0,2017년 이전,29,IT
8300000000.0,22,수도권,20160427,Angel,,,1,1,2017년 이전,55,IT
7750000000.0,1,수도권,20141031,Series A,2000000000.0,,0,0,2017년 이전,1,IT
100000000.0,0,수도권,20160823,Angel,100000000.0,,0,0,2017년 이전,24,IT
310000000.0,0,수도권,20140224,투자 단계 비공개,250000000.0,,0,0,2017년 이전,1,IT
4800000000.0,1,수도권,20140501,투자 단계 비공개,2500000000.0,,0,0,2017년 이전,1,IT
1000000000.0,0,수도권,20210916,Seed,1000000000.0,,0,0,2017년 이후,26,IT
1500000000.0,0,수도권,20210430,투자 단계 비공개,1500000000.0,15000000000.0,1,1,2017년 이후,19,IT
76400000.0,0,수도권,20130715,투자 단계 비공개,50000000.0,,0,0,2017년 이전,1,IT
24000000.0,0,수도권,20130915,투자 단계 비공개,24000000.0,,0,0,2017년 이전,1,IT
10100000000.0,10,수도권,20170701,Series B,8000000000.0,,0,0,2017년 이전,2,IT
1100000000.0,1,수도권,20210601,Angel,800000000.0,,0,0,2017년 이후,9,None IT
150000000.0,2,수도권,20211115,Seed,100000000.0,2000000000.0,0,0,2017년 이후,11,IT
3500000000.0,2,수도권,20170830,Series A,2500000000.0,,0,0,2017년 이후,22,IT
1700000000.0,10,비수도권,20160118,투자 단계 비공개,1700000000.0,,0,0,2017년 이전,17,IT
930000000.0,16,수도권,20180328,Seed,30000000.0,375000000.0,0,0,2017년 이후,31,IT
120000000.0,2,수도권,20210801,투자 단계 비공개,20000000.0,,0,0,2017년 이후,23,IT
2250000000.0,4,수도권,20191129,투자 단계 비공개,500000000.0,,0,1,2017년 이후,31,None IT
1300000000.0,0,수도권,20160127,투자 단계 비공개,1000000000.0,,1,1,2017년 이전,1,IT
18000000000.0,0,수도권,20130708,Series A,4000000000.0,,0,1,2017년 이전,1,IT
1799989774.0,0,비수도권,20180627,Series A,300000000.0,,0,0,2017년 이전,18,None IT
250000000.0,29,수도권,20170201,Angel,,,0,0,2017년 이전,16,IT
10000000000.0,43,수도권,20180427,Series A,10000000000.0,,1,1,2017년 이전,35,IT
1100000000.0,0,수도권,20210801,Seed,500000000.0,,0,0,2017년 이후,11,IT
4550000000.0,0,수도권,20110501,투자 단계 비공개,2000000000.0,,0,0,2017년 이전,1,IT
150000000.0,0,수도권,20150701,투자 단계 비공개,30000000.0,,0,0,2017년 이전,1,IT
2000000000.0,1,수도권,20150210,투자 단계 비공개,2000000000.0,,1,0,2017년 이전,13,IT
2500000000.0,12,수도권,20191001,투자 단계 비공개,500000000.0,,1,1,2017년 이후,1,None IT
1300000000.0,0,수도권,20161026,Series A,500000000.0,,1,1,2017년 이전,1,IT
92713900000.0,136,수도권,20210712,투자 단계 비공개,70113900000.0,,0,0,2017년 이전,34,IT
300000000.0,6,수도권,20210520,투자 단계 비공개,300000000.0,,0,0,2017년 이후,17,IT
42000000.0,6,수도권,20151115,Seed,30000000.0,,0,0,2017년 이전,1,None IT
1200000000.0,2,수도권,20160811,투자 단계 비공개,,,0,0,2017년 이전,10,IT
650000000.0,10,비수도권,20190523,해당없음,650000000.0,,1,1,2017년 이후,12,IT
100000000.0,7,수도권,20200812,Seed,100000000.0,2000000000.0,1,1,2017년 이후,12,None IT
950000000.0,0,비수도권,20150608,Seed,300000000.0,,1,1,2017년 이전,1,IT
110000000.0,5,수도권,20170310,Seed,,,1,1,2017년 이전,24,IT
8200000000.0,7,수도권,20190520,Seed,200000000.0,,0,0,2017년 이후,40,None IT
9200000000.0,4,수도권,20120401,Angel,400000000.0,,0,0,2017년 이전,30,IT
50000000.0,0,수도권,20130701,투자 단계 비공개,50000000.0,,0,0,2017년 이전,1,None IT
195000000.0,5,수도권,20180531,Angel,35000000.0,1040000000.0,0,0,2017년 이후,1,None IT
200000000.0,1,수도권,20210607,투자 단계 비공개,200000000.0,1800000000.0,0,0,2017년 이후,15,None IT
56500000.0,0,수도권,20160722,Seed,31500000.0,,0,1,2017년 이전,18,IT
11000004000.0,5,수도권,20200731,Series A,2000004000.0,,0,0,2017년 이후,25,IT
200000000.0,1,비수도권,20210930,투자 단계 비공개,200000000.0,2000000000.0,0,0,2017년 이후,1,IT
2500000000.0,1,수도권,20130305,투자 단계 비공개,2500000000.0,,0,0,2017년 이전,1,IT
635000000.0,8,비수도권,20160701,투자 단계 비공개,286000000.0,,1,1,2017년 이전,49,IT
1000000000.0,2,수도권,20210820,투자 단계 비공개,1000000000.0,,0,0,2017년 이후,14,None IT
4000000000.0,3,수도권,20191031,Series A,4000000000.0,,0,0,2017년 이전,1,None IT
3600000000.0,1,수도권,20200709,Seed,3600000000.0,,1,1,2017년 이후,23,None IT
400000000.0,1,수도권,20160525,Seed,300000000.0,,1,1,2017년 이전,18,None IT
9000000000.0,1,수도권,20140514,투자 단계 비공개,9000000000.0,,0,0,2017년 이전,1,IT
1500000000.0,0,수도권,20160428,투자 단계 비공개,1500000000.0,,1,1,2017년 이전,1,IT
7000000000.0,0,수도권,20180730,투자 단계 비공개,2000000000.0,,0,0,2017년 이전,1,None IT
2500000000.0,5,수도권,20190107,투자 단계 비공개,2500000000.0,,0,0,2017년 이전,32,IT
5000000000.0,1,수도권,20150312,투자 단계 비공개,5000000000.0,,1,1,2017년 이전,1,IT
2580000000.0,15,수도권,20190528,Seed,2400000000.0,,0,0,2017년 이후,16,IT
100000000000.0,1,수도권,20150817,투자 단계 비공개,100000000000.0,,0,0,2017년 이전,3,IT
100000000.0,0,수도권,20160104,투자 단계 비공개,100000000.0,,0,1,2017년 이전,15,IT
6440000000.0,16,수도권,20171226,투자 단계 비공개,500000000.0,,1,1,2017년 이전,37,IT
220000000.0,1,수도권,20180615,투자 단계 비공개,100000000.0,,0,1,2017년 이전,24,IT
1000000000.0,6,수도권,20191001,Seed,500000000.0,,1,1,2017년 이후,16,None IT
1100000000.0,0,수도권,20120301,Angel,500000000.0,,1,1,2017년 이전,1,IT
2000000000.0,4,수도권,20180608,투자 단계 비공개,2000000000.0,,0,0,2017년 이전,19,IT
1700000000.0,21,수도권,20160414,해당없음,100000000.0,,1,1,2017년 이전,23,IT
5970000000.0,6,수도권,20160126,Seed,270000000.0,,0,1,2017년 이전,33,IT
4500000000.0,3,수도권,20170202,Seed,3600000000.0,,0,0,2017년 이전,31,IT
200000000.0,3,수도권,20210622,Seed,200000000.0,,0,0,2017년 이후,14,None IT
500000000.0,0,수도권,20131201,투자 단계 비공개,500000000.0,,0,0,2017년 이전,1,IT
330000000.0,0,수도권,20121207,투자 단계 비공개,300000000.0,,0,0,2017년 이전,1,IT
702000000.0,19,수도권,20170701,투자 단계 비공개,20000000.0,,0,0,2017년 이후,16,IT
27800000000.0,4,수도권,20210907,Series B,18500000000.0,100000000000.0,1,1,2017년 이후,28,IT
9000000000.0,1,수도권,20000312,투자 단계 비공개,9000000000.0,,0,0,2017년 이전,1,IT
50000000.0,0,비수도권,20150101,투자 단계 비공개,50000000.0,,0,0,2017년 이전,1,None IT
150000000.0,2,수도권,20181019,Seed,150000000.0,4000000000.0,0,0,2017년 이전,1,IT
150000000.0,0,수도권,20150930,투자 단계 비공개,150000000.0,,0,0,2017년 이전,1,IT
1000000000.0,0,수도권,20140701,Seed,1000000000.0,,0,0,2017년 이전,1,IT
47500000.0,3,수도권,20201023,Seed,47500000.0,1500000000.0,0,0,2017년 이전,25,IT
542000000.0,9,수도권,20211125,투자 단계 비공개,80000000.0,,0,0,2017년 이후,20,IT
7000000000.0,14,수도권,20150601,투자 단계 비공개,6000000000.0,,1,1,2017년 이전,53,IT
1500000000.0,1,수도권,20151104,투자 단계 비공개,1500000000.0,,0,0,2017년 이전,1,IT
20000000.0,1,수도권,20210428,해당없음,20000000.0,,0,0,2017년 이후,4,None IT
5330000000.0,25,수도권,20160927,Series A,1000000000.0,,1,1,2017년 이전,34,IT
500000000.0,1,수도권,20211020,Seed,500000000.0,,0,0,2017년 이후,14,IT
2250000000.0,5,비수도권,20180619,Angel,100000000.0,2500000000.0,0,0,2017년 이후,1,None IT
700000000.0,3,수도권,20150510,투자 단계 비공개,,,0,0,2017년 이전,22,IT
60000000.0,1,수도권,20210421,Angel,60000000.0,1.0,1,1,2017년 이후,7,IT
42000000.0,1,수도권,20210531,투자 단계 비공개,42000000.0,,0,0,2017년 이후,1,None IT
49200000000.0,3,비수도권,20171207,Series B,31000000000.0,54000000000.0,1,1,2017년 이전,16,IT
66268844.0,0,수도권,20200825,투자 단계 비공개,66268844.0,,0,0,2017년 이후,1,None IT
1500000000.0,0,수도권,20160801,Series A,1500000000.0,,0,0,2017년 이전,1,IT
67350000000.0,9,수도권,20211014,투자 단계 비공개,45300000000.0,,0,0,2017년 이전,25,IT
100000000.0,3,수도권,20211028,투자 단계 비공개,100000000.0,,1,1,2017년 이후,19,None IT
600000000.0,2,비수도권,20190731,투자 단계 비공개,,,0,0,2017년 이전,17,IT
40000000.0,0,수도권,20140602,Angel,40000000.0,,1,1,2017년 이전,1,None IT
1200000000.0,0,수도권,20200301,투자 단계 비공개,1000000000.0,,0,0,2017년 이후,1,IT
4700000000.0,20,수도권,20171108,투자 단계 비공개,3000000000.0,,0,0,2017년 이전,20,IT
14000000000.0,1,수도권,20210423,Series B,10000000000.0,,0,0,2017년 이후,23,IT
420000000.0,4,수도권,20171229,Angel,20000000.0,2000000000.0,0,0,2017년 이전,1,IT
1000000000.0,0,수도권,20150127,투자 단계 비공개,1000000000.0,,0,1,2017년 이전,1,IT
10500000000.0,2,수도권,20160701,투자 단계 비공개,,,0,0,2017년 이전,16,IT
170000000.0,1,수도권,20170911,Series A,170000000.0,17000000000.0,1,1,2017년 이전,8,IT
150500000.0,1,수도권,20191105,Seed,150500000.0,,0,0,2017년 이후,7,None IT
1000000000.0,5,수도권,20150407,투자 단계 비공개,1000000000.0,,0,0,2017년 이전,30,IT
1000000000.0,12,수도권,20150803,투자 단계 비공개,,3000000000.0,0,1,2017년 이전,1,IT
8500000000.0,0,수도권,20140723,투자 단계 비공개,4000000000.0,,0,0,2017년 이전,1,IT
100000000.0,2,비수도권,20210913,Seed,100000000.0,1000000000.0,0,0,2017년 이후,19,None IT
12500000000.0,4,수도권,20171012,투자 단계 비공개,7500000000.0,,1,1,2017년 이전,1,IT
800000000.0,21,수도권,20210617,Series A,800000000.0,,1,1,2017년 이후,24,IT
550000000.0,2,수도권,20210325,Seed,500000000.0,,0,0,2017년 이후,13,None IT
12500000000.0,3,수도권,20140401,투자 단계 비공개,,,1,1,2017년 이전,1,IT
1093000000.0,10,수도권,20210701,해당없음,,,0,0,2017년 이후,8,IT
3602000000.0,12,수도권,20151223,투자 단계 비공개,2000000000.0,8000000000.0,1,1,2017년 이전,23,IT
170000000.0,0,수도권,20200330,Angel,170000000.0,1650000000.0,0,0,2017년 이후,11,IT
1893920000.0,4,수도권,20210601,해당없음,193920000.0,,0,0,2017년 이후,21,IT
228200000000.0,1,수도권,20160217,투자 단계 비공개,36300000000.0,,0,1,2017년 이전,1,IT
5500019800.0,13,수도권,20170707,투자 단계 비공개,,,0,0,2017년 이전,17,IT
3220000000.0,7,수도권,20160922,투자 단계 비공개,1500000000.0,,0,0,2017년 이전,1,IT
623195000.0,1,수도권,20171201,Series A,133195000.0,,0,0,2017년 이전,1,IT
500000000.0,0,수도권,20120601,투자 단계 비공개,500000000.0,,1,1,2017년 이전,1,IT
30000000.0,0,수도권,20150401,투자 단계 비공개,30000000.0,,1,1,2017년 이전,1,IT
50000000.0,0,수도권,20200701,투자 단계 비공개,50000000.0,,0,0,2017년 이후,18,IT
310000000.0,2,수도권,20130101,투자 단계 비공개,100000000.0,,1,1,2017년 이전,12,IT
5748000000.0,1,수도권,20210722,투자 단계 비공개,500000000.0,,1,0,2017년 이후,19,IT
850000000.0,0,수도권,20210401,투자 단계 비공개,580000000.0,,0,0,2017년 이후,23,None IT
728000000.0,17,수도권,20171013,Seed,,,0,0,2017년 이전,49,IT
3900000000.0,1,수도권,20151230,Series B,2500000000.0,,0,0,2017년 이전,1,IT
100000000.0,1,수도권,20210825,Seed,100000000.0,2000000000.0,0,0,2017년 이후,1,None IT
200000000.0,0,수도권,20171207,Seed,100000000.0,2000000000.0,0,0,2017년 이전,11,None IT
230000000.0,4,수도권,20181219,Seed,100000000.0,,1,1,2017년 이후,18,IT
1000000000.0,0,수도권,20120314,투자 단계 비공개,1000000000.0,,0,1,2017년 이전,1,IT
196000000.0,1,수도권,20211001,투자 단계 비공개,100000000.0,2000000000.0,0,0,2017년 이후,4,None IT
500000000.0,20,수도권,20210930,투자 단계 비공개,300000000.0,,1,1,2017년 이후,38,IT
1500000000.0,0,수도권,20170310,Seed,1500000000.0,,0,0,2017년 이후,1,IT
820000000.0,1,수도권,20160628,Angel,500000000.0,,0,0,2017년 이전,22,IT
1110000000.0,3,수도권,20200430,투자 단계 비공개,250000000.0,,0,0,2017년 이후,19,IT
620000000.0,1,수도권,20200601,투자 단계 비공개,80000000.0,,0,0,2017년 이후,15,None IT
127000000.0,0,비수도권,20150601,투자 단계 비공개,127000000.0,,0,0,2017년 이전,1,None IT
5930000000.0,3,수도권,20141001,투자 단계 비공개,300000000.0,,1,1,2017년 이전,1,IT
3940000000.0,11,수도권,20170228,Angel,120000000.0,,1,1,2017년 이전,10,None IT
70000000.0,2,수도권,20190617,투자 단계 비공개,70000000.0,,1,1,2017년 이전,19,IT
500000000.0,1,수도권,20130826,투자 단계 비공개,500000000.0,,0,0,2017년 이전,20,IT
176631000.0,3,수도권,20210608,Series A,100000000.0,,0,0,2017년 이후,8,IT
100000000.0,2,비수도권,20170331,Seed,100000000.0,1000000000.0,0,1,2017년 이후,11,IT
1316200000.0,0,수도권,20210831,Angel,930000000.0,,0,0,2017년 이전,1,None IT
376176450.0,0,수도권,20180420,Angel,376176450.0,6042226450.0,0,0,2017년 이전,1,IT
6000000000.0,1,수도권,20140819,투자 단계 비공개,6000000000.0,100000000000.0,0,0,2017년 이전,1,IT
427000000.0,1,수도권,20200226,Seed,327000000.0,,0,0,2017년 이후,4,IT
1300000000.0,8,수도권,20150101,투자 단계 비공개,,,0,0,2017년 이전,25,IT
100000000.0,0,수도권,20210603,Seed,100000000.0,,0,0,2017년 이후,14,IT
1000000000.0,0,수도권,20100427,투자 단계 비공개,1000000000.0,,1,0,2017년 이전,1,IT
780000000.0,1,수도권,20210701,투자 단계 비공개,500000000.0,,0,0,2017년 이후,19,IT
6500000000.0,1,수도권,20190901,Seed,500000000.0,,1,1,2017년 이전,1,IT
250000000.0,4,비수도권,20191202,Seed,250000000.0,,0,0,2017년 이후,32,IT
96499998.0,0,수도권,20160309,투자 단계 비공개,,,1,1,2017년 이전,12,IT
4000000000.0,1,수도권,20210401,Series A,4000000000.0,,0,0,2017년 이후,24,IT
144716730.0,1,수도권,20211115,Seed,100051800.0,2000000000.0,0,0,2017년 이후,27,IT
5000000000.0,4,수도권,20160713,투자 단계 비공개,3000000000.0,,0,0,2017년 이전,25,IT
1040000000.0,0,수도권,20171211,투자 단계 비공개,20000000.0,,1,1,2017년 이전,22,IT
12450000000.0,4,수도권,20171101,Seed,150000000.0,,0,0,2017년 이전,1,IT
3300000000.0,7,수도권,20180719,Series A,3000000000.0,,0,0,2017년 이후,32,IT
290000000.0,7,수도권,20210502,Seed,130000000.0,,0,0,2017년 이후,27,IT
3000000000.0,10,수도권,20161004,투자 단계 비공개,3000000000.0,,1,1,2017년 이전,1,IT
100000000.0,15,비수도권,20180704,Seed,100000000.0,,0,0,2017년 이후,15,IT
150000000.0,1,비수도권,20150101,투자 단계 비공개,150000000.0,,0,0,2017년 이전,1,None IT
18000000000.0,1,수도권,20210215,투자 단계 비공개,18000000000.0,,0,0,2017년 이후,1,None IT
55000000.0,2,수도권,20150901,투자 단계 비공개,55000000.0,,0,1,2017년 이전,1,None IT
18500000000.0,201,수도권,20210702,Series B,13500000000.0,,1,1,2017년 이전,26,IT
800000000.0,0,수도권,20151218,투자 단계 비공개,800000000.0,,1,1,2017년 이전,20,IT
3000000000.0,0,수도권,20210628,Seed,3000000000.0,,1,0,2017년 이후,5,None IT
5400000000.0,0,수도권,20150724,투자 단계 비공개,4200000000.0,,0,0,2017년 이전,1,None IT
2000000000.0,13,수도권,20210330,Series A,2000000000.0,,0,0,2017년 이전,1,IT
60000000.0,0,수도권,20150501,Angel,60000000.0,,1,1,2017년 이전,1,IT
2300000000.0,1,수도권,20171128,Angel,200000000.0,8000000000.0,0,0,2017년 이전,5,IT
500000000.0,6,수도권,20150624,투자 단계 비공개,500000000.0,5000000000.0,0,0,2017년 이전,1,IT
500000000.0,1,수도권,20170420,투자 단계 비공개,500000000.0,,0,0,2017년 이전,31,IT
300000000.0,0,수도권,20130101,투자 단계 비공개,300000000.0,,1,1,2017년 이전,1,IT
100000000.0,0,비수도권,20150901,투자 단계 비공개,100000000.0,,0,0,2017년 이전,1,None IT
7500000000.0,8,수도권,20171205,Series B,3000000000.0,,1,1,2017년 이전,6,IT
380000000.0,0,수도권,20181001,투자 단계 비공개,,,1,1,2017년 이전,1,IT
6700000000.0,1,수도권,20141023,투자 단계 비공개,,,1,1,2017년 이전,23,IT
2100000000.0,8,수도권,20200312,Series A,500000000.0,,0,0,2017년 이전,4,IT
1500000000.0,5,수도권,20150501,Seed,1500000000.0,,1,1,2017년 이전,1,IT
1200000000.0,9,수도권,20181228,투자 단계 비공개,,,1,1,2017년 이전,13,IT
3000000000.0,0,수도권,20180530,투자 단계 비공개,1000000000.0,,1,1,2017년 이전,14,IT
2000000000.0,35,수도권,20161024,투자 단계 비공개,,,1,1,2017년 이전,33,IT
7694900000.0,4,수도권,20171023,투자 단계 비공개,200000000.0,,0,0,2017년 이전,11,IT
4500000000.0,0,수도권,20180315,Series A,4500000000.0,10000000000.0,0,0,2017년 이전,1,IT
6100000000.0,10,수도권,20150730,Seed,1100000000.0,,0,0,2017년 이전,23,IT
1000000000.0,4,수도권,20160726,투자 단계 비공개,1000000000.0,,0,0,2017년 이전,19,IT
700000000.0,0,수도권,20150601,투자 단계 비공개,350000000.0,,0,0,2017년 이전,1,IT
146000000.0,0,수도권,20150301,Seed,46000000.0,,0,0,2017년 이전,18,None IT
1700000000.0,4,비수도권,20201215,Series A,,,0,0,2017년 이전,18,None IT
11850000000.0,1,수도권,20170828,Series B,7550000000.0,,0,0,2017년 이전,1,IT
4380000000.0,6,수도권,20160111,Seed,,,0,0,2017년 이전,17,IT
120000000.0,0,수도권,20150701,Seed,120000000.0,,0,0,2017년 이전,1,IT
298500000000.0,29,수도권,20180501,투자 단계 비공개,,,1,1,2017년 이전,48,None IT
2508800.0,6,수도권,20170801,해당없음,512000.0,5120358400.0,0,0,2017년 이전,1,IT
5000000000.0,3,수도권,20180719,Series A,3000000000.0,,0,0,2017년 이전,19,IT
19460000000.0,10,수도권,20170822,Series B,5000000000.0,19000000000.0,1,1,2017년 이전,6,IT
650000000.0,0,수도권,20130715,투자 단계 비공개,650000000.0,,0,0,2017년 이전,1,IT
1500000000.0,0,수도권,20170711,Series A,1000000000.0,,0,0,2017년 이전,1,IT
50000000.0,1,수도권,20190612,Seed,50000000.0,,0,0,2017년 이전,1,None IT
1600000000.0,1,수도권,20141222,해당없음,1000000000.0,,0,0,2017년 이전,10,IT
1300000000.0,2,수도권,20161201,투자 단계 비공개,,,1,1,2017년 이전,20,IT
1300000000.0,1,수도권,20161016,Series A,500000000.0,,0,0,2017년 이전,1,None IT
40000000.0,5,수도권,20181101,투자 단계 비공개,40000000.0,,0,0,2017년 이후,1,None IT
100000000.0,4,수도권,20180116,Angel,100000000.0,1500000000.0,0,1,2017년 이후,3,IT
140000000.0,2,수도권,20161130,투자 단계 비공개,100000000.0,,0,1,2017년 이전,19,IT
422000000.0,3,수도권,20210401,해당없음,30000000.0,,0,1,2017년 이후,29,IT
500000000.0,6,수도권,20210908,Seed,,,0,0,2017년 이후,14,None IT
200000000.0,1,수도권,20160111,투자 단계 비공개,200000000.0,,1,1,2017년 이전,1,IT
590000000.0,23,수도권,20141001,해당없음,100000000.0,,0,0,2017년 이전,33,IT
100000000.0,1,수도권,20171230,투자 단계 비공개,,,0,0,2017년 이전,18,IT
2300000000.0,9,수도권,20171031,Angel,,2000000000.0,0,0,2017년 이전,1,IT
2000000000.0,0,수도권,20120104,투자 단계 비공개,2000000000.0,,0,0,2017년 이전,1,IT
50000000.0,1,수도권,20130701,투자 단계 비공개,50000000.0,,0,0,2017년 이전,1,IT
2000000000.0,1,수도권,20161216,Series A,2000000000.0,,1,1,2017년 이전,14,IT
300000000.0,0,수도권,20120501,투자 단계 비공개,300000000.0,,0,1,2017년 이전,1,IT
1200000000.0,3,수도권,20180831,투자 단계 비공개,1200000000.0,,0,0,2017년 이후,15,IT
1400000000.0,2,수도권,20170602,Seed,,,1,1,2017년 이전,20,IT
500000000.0,0,비수도권,20200201,투자 단계 비공개,500000000.0,500000000.0,0,0,2017년 이전,1,None IT
249999999.0,0,수도권,20200312,투자 단계 비공개,249999999.0,2000000000.0,0,0,2017년 이후,1,None IT
8000000000.0,9,수도권,20210929,Series A,6000000000.0,,0,0,2017년 이전,9,IT
850000000.0,6,수도권,20180913,Seed,350000000.0,,0,0,2017년 이전,21,IT
800000000.0,36,수도권,20200701,투자 단계 비공개,,,0,0,2017년 이후,52,IT
17500000000.0,8,비수도권,20151001,투자 단계 비공개,5000000000.0,,1,1,2017년 이전,3,IT
500000000.0,2,수도권,20181221,투자 단계 비공개,500000000.0,,0,0,2017년 이전,48,IT
750000000.0,0,수도권,20161027,Series A,750000000.0,,0,0,2017년 이전,27,IT
1072000000.0,2,수도권,20211026,투자 단계 비공개,376000000.0,,1,1,2017년 이후,1,IT
700000000.0,1,수도권,20210825,Angel,500000000.0,5000000000.0,0,0,2017년 이후,18,IT
10000000000.0,39,수도권,20191230,Series B,10000000000.0,,0,0,2017년 이전,23,IT
40800000000.0,21,수도권,20180501,Seed,2400000000.0,,0,0,2017년 이후,16,IT
1560000000.0,5,수도권,20191202,Seed,,,1,1,2017년 이후,18,None IT
26880000000.0,25,수도권,20210928,Series B,13000000000.0,,0,0,2017년 이전,47,IT
6900000000.0,17,수도권,20201110,Series A,5000000000.0,,0,0,2017년 이전,24,IT
2000000000.0,0,수도권,20170930,Series A,1000000000.0,,0,0,2017년 이전,14,None IT
14000000000.0,41,수도권,20190326,Series A,2500000000.0,,0,0,2017년 이전,39,None IT
10002125.0,8,수도권,20200219,투자 단계 비공개,10002125.0,,1,1,2017년 이후,13,IT
3000000000.0,11,수도권,20181201,투자 단계 비공개,3000000000.0,,1,1,2017년 이전,27,IT
2500000000.0,6,수도권,20140901,투자 단계 비공개,2500000000.0,,1,1,2017년 이전,42,IT
414000000.0,0,비수도권,20150601,투자 단계 비공개,120000000.0,,0,0,2017년 이전,1,IT
530000000.0,3,수도권,20180326,Seed,30000000.0,,0,0,2017년 이후,14,IT
300000000.0,0,수도권,20130429,Angel,300000000.0,,0,0,2017년 이전,1,IT
100000000.0,8,수도권,20201113,Seed,100000000.0,,0,0,2017년 이후,17,IT
2000000000.0,11,수도권,20210729,Series A,2000000000.0,,0,1,2017년 이후,20,IT
1459000000.0,6,수도권,20170831,투자 단계 비공개,15000000.0,,1,1,2017년 이전,24,IT
144800000.0,0,수도권,20181003,Angel,35000000.0,,0,0,2017년 이후,1,None IT
100000000.0,0,수도권,20170501,Angel,100000000.0,,1,1,2017년 이후,1,None IT
1200000000.0,6,수도권,20200401,Seed,,,0,0,2017년 이후,11,None IT
5800000000.0,0,수도권,20140429,Series A,1500000000.0,,0,0,2017년 이전,1,IT
50000000.0,0,수도권,20141215,Seed,50000000.0,,0,1,2017년 이전,1,IT
8800000000.0,18,수도권,20211028,Series A,7000000000.0,,1,1,2017년 이후,31,IT
3800000000.0,16,수도권,20200424,Series A,2800000000.0,,1,1,2017년 이후,29,IT
6914000000.0,10,수도권,20210803,투자 단계 비공개,5400000000.0,,0,0,2017년 이후,26,IT
56000000.0,1,수도권,20180801,투자 단계 비공개,56000000.0,,0,0,2017년 이후,3,None IT
50000000.0,0,수도권,20210125,투자 단계 비공개,50000000.0,,0,0,2017년 이후,11,IT
400000000.0,0,수도권,20131125,투자 단계 비공개,300000000.0,,1,1,2017년 이전,14,IT
568160000.0,9,수도권,20210225,투자 단계 비공개,,,0,0,2017년 이전,10,None IT
2000000000.0,3,수도권,20181221,Series A,1000000000.0,,0,0,2017년 이전,23,IT
10000000.0,10,수도권,20210501,Series A,10000000.0,300000000.0,0,0,2017년 이후,9,IT
100000000.0,1,수도권,20191117,Seed,100000000.0,,0,0,2017년 이후,1,IT
78000000.0,2,수도권,20210401,Seed,63000000.0,,0,0,2017년 이후,27,IT
200000000.0,0,수도권,20151201,Seed,200000000.0,,1,1,2017년 이전,10,IT
10420000000.0,22,수도권,20150101,투자 단계 비공개,100000000.0,,0,0,2017년 이전,5,IT
1000000000.0,0,수도권,20180926,투자 단계 비공개,1000000000.0,,0,0,2017년 이후,1,None IT
4500000000.0,9,수도권,20210730,Series A,4500000000.0,,1,1,2017년 이후,14,IT
800000000.0,9,수도권,20210531,해당없음,700000000.0,7000000000.0,1,1,2017년 이후,15,IT
60000000.0,0,수도권,20161209,Seed,60000000.0,,0,0,2017년 이후,1,IT
1000000000.0,6,수도권,20200825,Angel,,,1,1,2017년 이후,10,IT
1000000000.0,6,수도권,20161104,투자 단계 비공개,1000000000.0,,1,1,2017년 이전,27,IT
40000000.0,0,수도권,20140901,투자 단계 비공개,20000000.0,,0,1,2017년 이전,1,IT
5000000.0,0,수도권,20120807,투자 단계 비공개,5000000.0,,0,0,2017년 이전,1,None IT
2800000000.0,23,수도권,20210622,해당없음,1800000000.0,,1,1,2017년 이후,15,IT
1711801520.0,13,수도권,20180524,해당없음,19858000.0,,0,0,2017년 이전,34,IT
200000000.0,1,수도권,20140122,투자 단계 비공개,200000000.0,,0,0,2017년 이전,1,IT
300000000.0,5,수도권,20210531,Seed,300000000.0,,1,1,2017년 이후,25,IT
8300000000.0,5,수도권,20200601,Series B,2000000000.0,,0,0,2017년 이전,22,IT
20000000.0,0,수도권,20130311,투자 단계 비공개,20000000.0,,0,1,2017년 이전,1,IT
2150000000.0,4,수도권,20181203,투자 단계 비공개,100000000.0,,1,1,2017년 이전,13,IT
100000000.0,0,비수도권,20150701,투자 단계 비공개,100000000.0,,0,0,2017년 이전,1,IT
1800000000.0,0,수도권,20150901,Series A,300000000.0,,0,0,2017년 이전,1,None IT
500000000.0,2,수도권,20200830,Angel,200000000.0,,0,0,2017년 이후,16,IT
1470000000.0,1,수도권,20160701,투자 단계 비공개,1440000000.0,,0,0,2017년 이전,17,None IT
4250000000.0,5,수도권,20180517,Series A,,,1,1,2017년 이후,19,IT
200000000.0,0,수도권,20120601,투자 단계 비공개,100000000.0,,1,1,2017년 이전,1,IT
145000000.0,2,수도권,20181001,Seed,50000000.0,,0,0,2017년 이후,1,IT
1800000000.0,1,수도권,20160101,투자 단계 비공개,1800000000.0,,0,0,2017년 이전,13,IT
3100000000.0,0,수도권,20110601,투자 단계 비공개,2600000000.0,,1,1,2017년 이전,1,IT
14500000000.0,0,수도권,20180401,Series A,6000000000.0,,1,1,2017년 이전,1,IT
20000000.0,0,비수도권,20150901,투자 단계 비공개,20000000.0,,0,0,2017년 이전,1,None IT
79995025.0,1,수도권,20200917,Angel,79995025.0,1500000000.0,0,0,2017년 이후,14,IT
100000000.0,0,비수도권,20130328,투자 단계 비공개,100000000.0,,0,0,2017년 이전,1,None IT
10000000000.0,15,수도권,20150615,투자 단계 비공개,800000000.0,,1,1,2017년 이전,7,None IT
2000000000.0,1,수도권,20200611,Series A,2000000000.0,,0,0,2017년 이후,6,IT
100000000.0,0,수도권,20150601,Seed,100000000.0,,0,0,2017년 이전,1,IT
3360000000.0,5,수도권,20161123,투자 단계 비공개,,,1,1,2017년 이전,6,IT
13460000000.0,4,수도권,20150910,투자 단계 비공개,590000000.0,,1,1,2017년 이전,62,IT
500000000.0,0,수도권,20131017,투자 단계 비공개,500000000.0,,0,0,2017년 이전,1,None IT
100000000.0,0,수도권,20160801,투자 단계 비공개,100000000.0,,0,0,2017년 이전,12,IT
5400000000.0,4,수도권,20190820,Series A,4500000000.0,,0,0,2017년 이후,26,IT
6800000000.0,3,수도권,20150713,투자 단계 비공개,900000000.0,,0,0,2017년 이전,10,IT
2020000000.0,0,수도권,20151031,투자 단계 비공개,1450000000.0,12750000000.0,0,0,2017년 이전,5,None IT
900000000.0,10,수도권,20160920,투자 단계 비공개,400000000.0,,0,0,2017년 이전,10,IT
4000000000.0,0,수도권,20121108,투자 단계 비공개,4000000000.0,,0,0,2017년 이전,1,IT
39858000.0,1,수도권,20200825,Seed,39858000.0,1500000000.0,0,0,2017년 이후,9,IT
1250000000.0,0,수도권,20210930,Seed,1250000000.0,,1,1,2017년 이후,18,None IT
30000000000.0,0,수도권,20141103,투자 단계 비공개,5000000000.0,300000000000.0,0,0,2017년 이전,1,IT
500000000.0,0,수도권,20151208,투자 단계 비공개,500000000.0,,0,0,2017년 이전,3,None IT
60000000.0,6,수도권,20210601,투자 단계 비공개,,,1,1,2017년 이후,1,IT
255000000.0,4,수도권,20201231,Seed,255000000.0,3000000000.0,0,0,2017년 이후,19,IT
140000000.0,2,비수도권,20170808,해당없음,100000000.0,,1,1,2017년 이후,1,IT
280000000.0,0,수도권,20150401,투자 단계 비공개,50000000.0,,1,1,2017년 이전,1,IT
700000000.0,0,수도권,20151222,투자 단계 비공개,700000000.0,,0,1,2017년 이전,31,IT
5600000000.0,3,수도권,20140905,투자 단계 비공개,600000000.0,,1,1,2017년 이전,7,None IT
300000000.0,3,비수도권,20170227,Angel,300000000.0,3000000000.0,0,0,2017년 이전,40,IT
1000000000.0,1,수도권,20131226,투자 단계 비공개,1000000000.0,,0,0,2017년 이전,1,IT
100000000.0,0,수도권,20160515,Seed,100000000.0,,0,0,2017년 이전,17,IT
180000000.0,0,수도권,20160901,Seed,100000000.0,,0,0,2017년 이전,1,IT
2000000000.0,22,수도권,20191101,해당없음,2000000000.0,,0,0,2017년 이후,5,None IT
750000000.0,9,수도권,20200310,Series A,150000000.0,,1,1,2017년 이후,42,IT
100000000.0,0,수도권,20180919,Angel,100000000.0,,0,0,2017년 이후,16,IT
2000000000.0,12,수도권,20200213,투자 단계 비공개,2000000000.0,10000000000.0,1,1,2017년 이후,14,None IT
4960000000.0,21,수도권,20181001,Angel,60000000.0,,0,1,2017년 이후,26,IT
300000000.0,0,수도권,20211005,투자 단계 비공개,300000000.0,,0,0,2017년 이후,1,None IT
3000000000.0,14,비수도권,20181106,투자 단계 비공개,,,0,0,2017년 이전,12,IT
1600000000.0,2,수도권,20180301,투자 단계 비공개,,,1,1,2017년 이전,24,IT
300000000.0,10,수도권,20180525,Seed,300000000.0,,0,0,2017년 이후,23,IT
2600000000.0,0,비수도권,20210903,Pre-IPO,2600000000.0,100000000000.0,0,0,2017년 이후,11,None IT
300000000.0,0,수도권,20140430,투자 단계 비공개,300000000.0,,0,0,2017년 이전,1,IT
3650000000.0,20,수도권,20210826,해당없음,3500000000.0,,0,0,2017년 이후,25,IT
50000000.0,0,수도권,20210305,투자 단계 비공개,50000000.0,1250000000.0,1,1,2017년 이후,25,IT
200000000.0,0,수도권,20151001,투자 단계 비공개,50000000.0,,0,0,2017년 이전,1,IT
1200000000.0,0,수도권,20110701,Series A,1200000000.0,,1,1,2017년 이전,1,IT
16300000000.0,6,수도권,20150101,투자 단계 비공개,1000000000.0,,1,1,2017년 이전,1,IT
1000000.0,44,수도권,20180927,투자 단계 비공개,1000000.0,,0,0,2017년 이전,1,IT
80000000.0,0,수도권,20151212,투자 단계 비공개,2000000.0,,0,0,2017년 이전,8,None IT
74000000000.0,32,수도권,20170420,투자 단계 비공개,12000000000.0,,0,0,2017년 이전,1,None IT
3600000000.0,8,수도권,20190430,Series A,3000000000.0,,0,0,2017년 이전,19,IT
50000000.0,4,수도권,20190906,Seed,50000000.0,620000000.0,0,0,2017년 이후,37,IT
48960000.0,4,수도권,20200731,Seed,48960000.0,1000000000.0,1,1,2017년 이후,24,IT
4000000000.0,21,수도권,20181121,Angel,,,0,1,2017년 이후,17,IT
46000000000.0,86,수도권,20140911,Angel,,,1,1,2017년 이전,26,IT
100000000.0,5,수도권,20190618,투자 단계 비공개,90000000.0,,0,0,2017년 이후,19,IT
16700000000.0,2,수도권,20200601,해당없음,2700000000.0,,1,1,2017년 이후,1,IT
5000000000.0,4,수도권,20190101,Series A,5000000000.0,,1,1,2017년 이전,21,IT
500000000.0,8,수도권,20210914,Angel,,,0,0,2017년 이후,21,IT
330000000.0,1,수도권,20211028,Seed,300000000.0,,0,0,2017년 이후,19,IT
200000000.0,3,수도권,20201001,Seed,200000000.0,,0,0,2017년 이후,17,IT
500000000.0,8,수도권,20210331,Series A,500000000.0,,0,0,2017년 이후,10,None IT
492850000.0,2,수도권,20210527,투자 단계 비공개,142850000.0,,1,1,2017년 이후,9,IT
2860000000.0,13,수도권,20180101,해당없음,55000000.0,,0,0,2017년 이전,27,IT
2000000000.0,2,수도권,20210908,Series A,2000000000.0,,1,1,2017년 이전,22,None IT
2000000000.0,0,수도권,20151217,투자 단계 비공개,2000000000.0,,0,0,2017년 이전,1,None IT
3900000000.0,29,수도권,20131101,투자 단계 비공개,,,1,1,2017년 이전,20,IT
3900000000.0,16,비수도권,20140801,해당없음,200000000.0,,1,1,2017년 이전,30,IT
6000000000.0,5,수도권,20181001,투자 단계 비공개,,,1,1,2017년 이전,22,IT
310000000.0,6,비수도권,20200922,Seed,310000000.0,,0,0,2017년 이후,13,IT
1000000000.0,8,수도권,20201130,Seed,1000000000.0,,0,0,2017년 이후,13,IT
3300000000.0,2,수도권,20201012,Series A,3300000000.0,,0,0,2017년 이전,33,IT
1980000.0,0,수도권,20170518,해당없음,1875000.0,12018750000.0,1,1,2017년 이전,1,IT
540000000.0,4,수도권,20190510,해당없음,400000000.0,,0,0,2017년 이후,1,None IT
50050000000.0,0,수도권,20070801,Pre-IPO,50000000000.0,200000000000.0,0,0,2017년 이전,1,IT
14100000000.0,10,수도권,20170630,Seed,60000000.0,,1,1,2017년 이후,30,IT
9500000000.0,10,수도권,20141119,투자 단계 비공개,2000000000.0,,1,1,2017년 이전,1,IT
3100000000.0,11,수도권,20210528,투자 단계 비공개,1450000000.0,,0,0,2017년 이후,24,IT
50000000.0,8,수도권,20200615,투자 단계 비공개,,,0,0,2017년 이후,8,IT
22100000000.0,17,수도권,20180713,투자 단계 비공개,19000000000.0,,1,1,2017년 이전,27,IT
710000000.0,0,수도권,20140103,투자 단계 비공개,500000000.0,,1,1,2017년 이전,1,IT
67000000000.0,17,수도권,20180920,Series C,67000000000.0,,0,0,2017년 이전,1,IT
1700000000.0,4,수도권,20200504,Seed,1700000000.0,,1,1,2017년 이후,7,None IT
360000000.0,1,수도권,20210726,Seed,,,0,0,2017년 이후,8,IT
2000000000.0,0,수도권,20151101,투자 단계 비공개,2000000000.0,,0,0,2017년 이후,1,IT
150029376.0,2,수도권,20200803,투자 단계 비공개,120013576.0,1080000000.0,0,0,2017년 이후,12,None IT
40000000.0,1,수도권,20130805,투자 단계 비공개,40000000.0,,0,0,2017년 이전,1,IT
12700000000.0,4,수도권,20210930,Series A,2000000000.0,,0,0,2017년 이전,22,IT
14100000000.0,24,수도권,20210831,Series A,12500000000.0,,0,0,2017년 이후,21,IT
1920000000.0,11,비수도권,20210413,Seed,1920000000.0,,0,0,2017년 이후,14,None IT
1900000000.0,16,수도권,20210623,투자 단계 비공개,1500000000.0,,0,0,2017년 이후,9,None IT
6300000000.0,10,수도권,20191010,투자 단계 비공개,6300000000.0,,0,0,2017년 이전,6,IT
500000000.0,0,수도권,20141022,투자 단계 비공개,500000000.0,,0,0,2017년 이전,1,None IT
1100000000.0,28,수도권,20181024,투자 단계 비공개,1100000000.0,,0,0,2017년 이전,1,IT
30000000.0,0,수도권,20140620,투자 단계 비공개,30000000.0,,0,0,2017년 이전,1,IT
53300000000.0,8,수도권,20170221,Series B,14300000000.0,,1,1,2017년 이전,40,IT
1363500000.0,10,수도권,20210701,해당없음,10000000.0,,0,0,2017년 이후,22,IT
1000000000.0,22,수도권,20180816,해당없음,,,1,1,2017년 이전,35,None IT
3800000000.0,1,수도권,20200501,Series A,800000000.0,,0,0,2017년 이후,26,IT
5640000000.0,5,수도권,20210315,Seed,5640000000.0,,0,0,2017년 이후,13,IT
100000000.0,0,수도권,20160219,투자 단계 비공개,100000000.0,,0,0,2017년 이전,13,IT
1500000000.0,0,수도권,20150914,Seed,,,1,1,2017년 이전,31,IT
9380000000.0,5,수도권,20210625,Series B,6000000000.0,,0,0,2017년 이전,12,IT
7000000.0,2,수도권,20160901,해당없음,1000000.0,,0,0,2017년 이전,15,IT
500000000.0,40,수도권,20190801,투자 단계 비공개,,,0,0,2017년 이후,32,IT
500000000.0,5,수도권,20190314,Seed,500000000.0,,1,1,2017년 이후,13,None IT
10400327540.0,0,수도권,20151007,투자 단계 비공개,5200000000.0,,0,0,2017년 이전,1,IT
500000000.0,11,수도권,20190328,Seed,500000000.0,,1,1,2017년 이후,26,IT
4000000000.0,6,수도권,20200908,Series A,4000000000.0,,0,0,2017년 이후,1,None IT
50000000.0,0,수도권,20150601,Angel,10000000.0,,1,1,2017년 이전,1,IT
18600000000.0,5,수도권,20140501,Series A,3000000000.0,,1,1,2017년 이전,1,IT
200000000.0,15,수도권,20200302,투자 단계 비공개,50000000.0,1000000000.0,0,0,2017년 이후,11,None IT
300000000.0,0,수도권,20200730,Seed,300000000.0,1250000000.0,0,0,2017년 이후,10,IT
705000000.0,3,수도권,20200417,Angel,155000000.0,3300000000.0,0,0,2017년 이후,24,None IT
420000000.0,2,수도권,20160720,Angel,200000000.0,2000000000.0,1,1,2017년 이전,15,IT
1000000000.0,2,수도권,20201201,Seed,1000000000.0,,1,0,2017년 이후,12,IT
197000000.0,0,수도권,20151125,Seed,28000000.0,,1,1,2017년 이전,26,IT
997000000.0,5,수도권,20181025,Seed,900000000.0,,0,0,2017년 이후,23,IT
1000000000.0,4,수도권,20210930,투자 단계 비공개,,,0,0,2017년 이후,29,IT
500000000.0,5,수도권,20200429,Seed,200000000.0,,0,0,2017년 이후,1,None IT
50000000.0,7,수도권,20200922,투자 단계 비공개,,,0,0,2017년 이후,16,IT
3300000000.0,3,수도권,20141231,Seed,1300000000.0,,1,0,2017년 이전,65,IT
3000000000.0,1,수도권,20211018,투자 단계 비공개,3000000000.0,,1,1,2017년 이후,1,None IT
68000000.0,7,수도권,20201223,투자 단계 비공개,68000000.0,1500000000.0,0,0,2017년 이후,9,IT
1520000000.0,1,수도권,20190423,투자 단계 비공개,500000000.0,7000000000.0,0,0,2017년 이전,4,IT
100000000.0,1,수도권,20170801,Seed,100000000.0,,0,0,2017년 이후,1,None IT
1800000000.0,4,수도권,20170901,투자 단계 비공개,1500000000.0,50000000000.0,1,0,2017년 이후,12,IT
500000000.0,4,수도권,20191212,Seed,,,1,1,2017년 이후,1,None IT
299999997.0,0,수도권,20191025,투자 단계 비공개,150000000.0,,0,0,2017년 이전,3,None IT
749986372.0,9,비수도권,20180509,투자 단계 비공개,100017905.0,,0,0,2017년 이전,10,IT
4000000000.0,0,수도권,20110101,투자 단계 비공개,1000000000.0,,0,0,2017년 이전,12,IT
520000000.0,1,수도권,20210611,투자 단계 비공개,150000000.0,1500000000.0,0,0,2017년 이후,14,IT
10000000.0,0,수도권,20141007,투자 단계 비공개,10000000.0,,0,0,2017년 이전,1,None IT
900000000.0,0,수도권,20150601,투자 단계 비공개,,,1,1,2017년 이전,1,IT
50000000.0,0,수도권,20160816,투자 단계 비공개,50000000.0,,0,0,2017년 이전,1,IT
13110000000.0,269,수도권,20190411,Series A,12000000000.0,,1,1,2017년 이전,19,IT
2066241633.0,0,수도권,20120101,투자 단계 비공개,100000000.0,,1,1,2017년 이전,3,IT
3000000000.0,17,수도권,20160127,투자 단계 비공개,3000000000.0,,0,0,2017년 이전,1,None IT
5000000000.0,9,수도권,20190917,Series A,5000000000.0,,0,0,2017년 이후,44,IT
2910000000.0,40,수도권,20211117,투자 단계 비공개,60000000.0,,0,0,2017년 이후,25,IT
500000000.0,2,수도권,20200301,투자 단계 비공개,500000000.0,,1,1,2017년 이후,8,IT
7700000000.0,12,수도권,20211001,Series A,6000000000.0,,0,0,2017년 이후,13,IT
20000000.0,0,수도권,20130829,투자 단계 비공개,10000000.0,,0,1,2017년 이전,1,IT
2100000000.0,0,수도권,20140530,Angel,400000000.0,,0,0,2017년 이전,18,IT
2600000000.0,67,수도권,20190227,Seed,,,1,1,2017년 이전,23,None IT
6400000000.0,2,수도권,20201224,Series A,5000000000.0,,0,0,2017년 이전,24,IT
120000000.0,13,수도권,20170201,Angel,120000000.0,,0,0,2017년 이후,1,None IT
180000000.0,0,수도권,20130901,투자 단계 비공개,80000000.0,,0,0,2017년 이전,1,IT
1900000000.0,0,수도권,20190101,Series A,1600000000.0,,0,0,2017년 이전,1,IT
10000000.0,0,수도권,20170401,투자 단계 비공개,10000000.0,,0,0,2017년 이전,10,IT
220000000.0,0,수도권,20171201,투자 단계 비공개,100000000.0,,0,0,2017년 이후,27,None IT
8000000000.0,5,수도권,20170531,투자 단계 비공개,8000000000.0,,1,1,2017년 이전,34,IT
15000000000.0,4,수도권,20200717,Series A,15000000000.0,100000000000.0,0,0,2017년 이전,35,IT
9500000000.0,9,수도권,20180608,투자 단계 비공개,2800000000.0,,0,1,2017년 이전,54,IT
5900000000.0,2,수도권,20160614,Series A,900000000.0,8000000000.0,0,0,2017년 이전,9,None IT
90000000.0,0,비수도권,20151123,투자 단계 비공개,40000000.0,,0,1,2017년 이전,1,None IT
2000000000.0,1,수도권,20140409,투자 단계 비공개,2000000000.0,,1,1,2017년 이전,1,IT
1000000000.0,2,수도권,20200113,Seed,1000000000.0,,0,0,2017년 이후,14,IT
10000000000.0,5,수도권,20160106,투자 단계 비공개,3000000000.0,,1,1,2017년 이전,33,IT
350000000.0,6,수도권,20201231,Seed,200000000.0,5000000000.0,0,0,2017년 이후,6,IT
1860000000.0,1,수도권,20131028,투자 단계 비공개,1560000000.0,,0,0,2017년 이전,1,IT
2500000000.0,0,수도권,20150301,투자 단계 비공개,1000000000.0,,0,0,2017년 이전,1,IT
10000000.0,0,비수도권,20130301,투자 단계 비공개,10000000.0,,0,0,2017년 이전,1,IT
100000000.0,1,수도권,20130501,투자 단계 비공개,100000000.0,,0,0,2017년 이전,1,None IT
200000000.0,13,수도권,20210830,투자 단계 비공개,,10000000000.0,0,0,2017년 이후,27,None IT
2500000000.0,0,수도권,20141021,투자 단계 비공개,2500000000.0,,0,0,2017년 이전,1,IT
16400000000.0,4,수도권,20190201,Series A,2000000000.0,,0,0,2017년 이전,9,IT
2000000000.0,1,수도권,20161028,Series A,2000000000.0,21000000000.0,0,0,2017년 이전,13,None IT
100000000.0,1,수도권,20130401,투자 단계 비공개,100000000.0,,0,0,2017년 이전,1,IT
2450000000.0,0,수도권,20120101,투자 단계 비공개,400000000.0,,0,0,2017년 이전,1,IT
300000000.0,2,수도권,20190910,투자 단계 비공개,300000000.0,,1,0,2017년 이후,2,IT
180000000.0,0,수도권,20150430,투자 단계 비공개,180000000.0,,0,0,2017년 이전,1,IT
106700000000.0,7,수도권,20171107,Series B,,,0,0,2017년 이전,1,IT
700000000.0,1,수도권,20210601,Seed,500000000.0,,0,0,2017년 이후,18,IT
522000000.0,0,수도권,20170428,Seed,52000000.0,,1,1,2017년 이전,1,None IT
1050000000.0,1,수도권,20130814,Seed,50000000.0,,0,0,2017년 이전,1,IT
50000000.0,3,수도권,20180711,Seed,50000000.0,3000000000.0,0,0,2017년 이후,15,None IT
5150000000.0,34,수도권,20191115,투자 단계 비공개,4300000000.0,,1,1,2017년 이전,1,IT
1800000000.0,0,수도권,20140304,Seed,1000000000.0,,0,0,2017년 이전,7,IT
200000000.0,0,수도권,20180508,Angel,100000000.0,3955000000.0,0,0,2017년 이후,1,IT
500000000.0,14,수도권,20200501,투자 단계 비공개,500000000.0,,0,0,2017년 이후,19,None IT
750000000.0,1,수도권,20141001,투자 단계 비공개,50000000.0,,0,0,2017년 이전,1,IT
200000000.0,0,수도권,20170630,Angel,200000000.0,,0,0,2017년 이전,16,IT
153500000.0,1,수도권,20151026,Angel,28000000.0,,0,0,2017년 이전,1,IT
470000000.0,0,수도권,20120601,투자 단계 비공개,470000000.0,,1,1,2017년 이전,1,IT
6200000000.0,25,수도권,20181016,투자 단계 비공개,1000000000.0,,0,0,2017년 이후,37,IT
100000000.0,0,수도권,20130816,투자 단계 비공개,100000000.0,,0,0,2017년 이전,1,IT
1300000000.0,0,수도권,20091001,투자 단계 비공개,1000000000.0,,0,0,2017년 이전,1,IT
500000000.0,2,수도권,20170110,투자 단계 비공개,500000000.0,,0,0,2017년 이전,9,IT
1300000000.0,5,수도권,20170427,Seed,300000000.0,,1,1,2017년 이전,18,IT
800000000.0,0,수도권,20170602,Seed,300000000.0,,1,1,2017년 이전,21,IT
535000000.0,1,수도권,20140701,투자 단계 비공개,200000000.0,,0,1,2017년 이전,1,IT
10000000000.0,1,수도권,20160905,투자 단계 비공개,,,1,1,2017년 이전,41,IT
3000000000.0,2,수도권,20171227,Seed,1000000000.0,,0,0,2017년 이후,1,IT
1800000000.0,7,수도권,20190228,투자 단계 비공개,100000000.0,,0,0,2017년 이전,1,IT
25000000.0,2,수도권,20180901,투자 단계 비공개,25000000.0,,0,0,2017년 이후,14,None IT
2100000000.0,0,수도권,20150215,Seed,2100000000.0,,0,0,2017년 이전,1,IT
3750000000.0,3,수도권,20180401,Series A,2750000000.0,,0,0,2017년 이전,1,None IT
61000000.0,0,수도권,20170706,투자 단계 비공개,41000000.0,,0,0,2017년 이후,1,IT
12000000000.0,2,수도권,20190909,Series B,7000000000.0,,0,0,2017년 이전,12,IT
66360000000.0,42,수도권,20200501,투자 단계 비공개,41400000000.0,,1,1,2017년 이전,24,IT
19800000000.0,6,수도권,20151207,Series A,12000000000.0,,1,1,2017년 이전,1,IT
4180000000.0,6,수도권,20191223,투자 단계 비공개,280000000.0,,0,1,2017년 이후,17,IT
100000000.0,0,수도권,20160725,Angel,100000000.0,2000000000.0,0,0,2017년 이전,53,IT
1900000000.0,1,수도권,20160531,Series B,1400000000.0,,0,0,2017년 이전,5,IT
680000000.0,2,수도권,20141023,Angel,,,1,1,2017년 이전,18,IT
400000000.0,3,수도권,20170728,Seed,100000000.0,,1,1,2017년 이전,26,None IT
70000000.0,2,수도권,20200715,Seed,70000000.0,1000000000.0,0,0,2017년 이후,16,IT
1400000000.0,13,수도권,20160108,투자 단계 비공개,400000000.0,,1,1,2017년 이전,5,IT
760000000.0,7,수도권,20190308,Angel,80000000.0,,1,1,2017년 이후,11,IT
429000000.0,0,수도권,20150801,투자 단계 비공개,100000000.0,,0,0,2017년 이전,1,IT
500000000.0,0,수도권,20180108,Seed,500000000.0,,1,1,2017년 이후,32,IT
9000000000.0,2,수도권,20130524,투자 단계 비공개,9000000000.0,,1,1,2017년 이전,1,IT
10000000.0,0,수도권,20140101,투자 단계 비공개,10000000.0,,0,0,2017년 이전,1,None IT
19500000000.0,2,수도권,20180507,Series A,5200000000.0,,0,0,2017년 이전,4,None IT
5561000000.0,2,수도권,20170626,투자 단계 비공개,561000000.0,,1,1,2017년 이전,1,IT
30000000.0,0,수도권,20140203,투자 단계 비공개,30000000.0,,0,0,2017년 이전,1,IT
300000000.0,4,수도권,20181031,투자 단계 비공개,300000000.0,,0,0,2017년 이전,1,None IT
300000000.0,0,수도권,20120510,Seed,300000000.0,,0,0,2017년 이전,1,IT
2000000000.0,22,수도권,20191014,투자 단계 비공개,200000000.0,,1,1,2017년 이후,27,IT
920000000.0,0,수도권,20160531,투자 단계 비공개,300000000.0,,0,0,2017년 이전,1,IT
1000000000.0,2,수도권,20191230,Seed,1000000000.0,10000000000.0,0,0,2017년 이후,9,IT
109800000.0,0,비수도권,20150901,투자 단계 비공개,19950000.0,,0,0,2017년 이전,1,IT
9000.0,1,수도권,20150619,Angel,5000.0,,0,0,2017년 이전,1,IT
600000000.0,10,수도권,20190419,해당없음,500000000.0,,1,1,2017년 이전,28,IT
1410000000.0,4,수도권,20130101,투자 단계 비공개,62000000.0,,0,0,2017년 이전,34,IT
19000000000.0,3,수도권,20181227,Series A,6000000000.0,,0,0,2017년 이전,18,IT
1600000000.0,1,수도권,20151015,Angel,1000000000.0,,0,0,2017년 이전,21,IT
274991404.0,8,수도권,20140401,Seed,90000000.0,,0,0,2017년 이전,1,IT
7000000000.0,8,수도권,20160418,투자 단계 비공개,2000000000.0,,0,0,2017년 이전,16,IT
3509000000.0,0,비수도권,20180701,투자 단계 비공개,9000000.0,,0,0,2017년 이후,1,None IT
1660000000.0,3,수도권,20160701,투자 단계 비공개,30000000.0,,0,0,2017년 이전,17,None IT
2600000000.0,6,수도권,20190301,Seed,500000000.0,3000000000.0,0,0,2017년 이전,1,None IT
8920000000.0,6,수도권,20180322,투자 단계 비공개,500000000.0,,1,1,2017년 이전,1,IT
20000000.0,1,수도권,20161202,해당없음,20000000.0,1000000000.0,0,0,2017년 이전,3,None IT
150000000.0,3,비수도권,20200123,Seed,150000000.0,,0,0,2017년 이후,1,None IT
1516000000.0,0,수도권,20120530,Angel,300000000.0,,0,0,2017년 이전,1,IT
120000000.0,3,수도권,20180801,투자 단계 비공개,100000000.0,,0,0,2017년 이후,15,IT
2000000000.0,1,수도권,20201216,Series A,1000000000.0,,1,1,2017년 이전,11,IT
150000000.0,0,비수도권,20201101,투자 단계 비공개,150000000.0,1500000000.0,0,0,2017년 이후,26,IT
1000000000.0,0,수도권,20160418,투자 단계 비공개,1000000000.0,,0,1,2017년 이전,1,IT
6270000000.0,2,수도권,20140901,투자 단계 비공개,100000000.0,,1,1,2017년 이전,1,IT
243653000.0,4,비수도권,20211025,Seed,,,0,0,2017년 이후,22,IT
106000000000.0,29,수도권,20210601,Series B,99000000000.0,,1,1,2017년 이전,26,IT
500000000.0,18,수도권,20180627,Seed,,,0,0,2017년 이후,1,None IT
500000000.0,20,수도권,20170724,Seed,100000000.0,,0,0,2017년 이후,19,None IT
800000000.0,0,수도권,20190801,투자 단계 비공개,800000000.0,,0,0,2017년 이후,1,None IT
500000000.0,6,수도권,20180329,Seed,500000000.0,5300000000.0,0,0,2017년 이전,19,None IT
100000000.0,1,수도권,20150312,투자 단계 비공개,,,0,0,2017년 이전,21,IT
100000000.0,2,수도권,20180309,Seed,100000000.0,300000000.0,0,0,2017년 이후,15,IT
350224000.0,0,수도권,20200917,투자 단계 비공개,150096000.0,3000000000.0,0,0,2017년 이후,5,IT
1500000000.0,0,수도권,20100801,투자 단계 비공개,1500000000.0,,1,1,2017년 이전,1,IT
3000000000.0,2,수도권,20170526,투자 단계 비공개,500000000.0,,1,1,2017년 이전,10,IT
4500000000.0,9,수도권,20150831,투자 단계 비공개,3500000000.0,,1,1,2017년 이전,19,IT
120000000.0,1,수도권,20201115,투자 단계 비공개,120000000.0,,1,1,2017년 이후,14,None IT
450000000.0,2,수도권,20151216,Angel,450000000.0,,0,0,2017년 이전,1,IT
10000000000.0,1,수도권,20180702,투자 단계 비공개,10000000000.0,,0,0,2017년 이전,3,None IT
400000000.0,1,수도권,20210721,Angel,200000000.0,,0,0,2017년 이후,11,IT
1000000000.0,0,수도권,20140801,투자 단계 비공개,500000000.0,,0,0,2017년 이전,1,IT
2799999998.0,5,수도권,20210802,투자 단계 비공개,1999999998.0,,0,0,2017년 이후,1,IT
51600000.0,0,수도권,20200113,투자 단계 비공개,600000.0,,0,0,2017년 이후,7,None IT
2300000000.0,0,수도권,20150717,Seed,200000000.0,,0,0,2017년 이전,18,IT
115800000000.0,14,수도권,20170302,Series B,36000000000.0,,1,1,2017년 이후,1,IT
5000000000.0,2,수도권,20210401,투자 단계 비공개,5000000000.0,,0,0,2017년 이후,19,IT
3500000000.0,0,수도권,20160829,투자 단계 비공개,3500000000.0,,1,1,2017년 이전,1,IT
300000000.0,1,수도권,20110701,투자 단계 비공개,300000000.0,,1,1,2017년 이전,1,IT
80000000.0,0,수도권,20171026,투자 단계 비공개,80000000.0,,0,0,2017년 이후,1,None IT
1839999999.0,16,비수도권,20170130,Seed,39999999.0,,0,0,2017년 이후,1,None IT
1700000000.0,11,수도권,20200122,Seed,1700000000.0,,0,0,2017년 이후,14,None IT
100000000.0,2,수도권,20171101,Seed,100000000.0,,0,0,2017년 이전,1,IT
20000000.0,2,수도권,20150527,Seed,20000000.0,,0,0,2017년 이전,7,IT
1800000000.0,12,수도권,20191001,Seed,1200000000.0,,0,0,2017년 이후,9,None IT
50000000.0,0,수도권,20191001,투자 단계 비공개,50000000.0,,0,0,2017년 이후,22,IT
1500000000.0,16,수도권,20151120,투자 단계 비공개,1500000000.0,10000000000.0,1,1,2017년 이전,60,IT
1000000000.0,4,수도권,20170501,Seed,1000000000.0,,1,1,2017년 이전,1,IT
600000000.0,17,수도권,20171229,투자 단계 비공개,600000000.0,,0,1,2017년 이후,46,IT
21000000000.0,0,수도권,20060704,투자 단계 비공개,6000000000.0,,1,1,2017년 이전,27,IT
1850000000.0,1,수도권,20190104,Series B,,,0,0,2017년 이전,18,IT
2700000000.0,11,수도권,20180808,투자 단계 비공개,1500000000.0,,0,0,2017년 이전,17,IT
100000000.0,0,수도권,20150520,투자 단계 비공개,100000000.0,,0,0,2017년 이전,1,None IT
2000000000.0,0,수도권,20120301,투자 단계 비공개,2000000000.0,,1,0,2017년 이전,1,IT
850000000.0,9,수도권,20210801,투자 단계 비공개,500000000.0,,0,0,2017년 이후,1,IT
70000000.0,2,비수도권,20160304,Seed,50000000.0,60000000.0,0,0,2017년 이전,17,IT
10000000000.0,0,수도권,20160704,투자 단계 비공개,10000000000.0,,0,0,2017년 이후,15,IT
600000000.0,3,수도권,20211031,Angel,500000000.0,,0,0,2017년 이후,20,IT
600000000.0,1,수도권,20210630,Series A,,,1,1,2017년 이후,18,IT
4600000000.0,0,수도권,20121101,투자 단계 비공개,,,0,0,2017년 이전,31,IT
950000000.0,1,수도권,20140101,투자 단계 비공개,450000000.0,,0,1,2017년 이전,1,IT
3800000000.0,9,수도권,20180202,Series B,3800000000.0,,0,0,2017년 이전,21,IT
13500000000.0,71,수도권,20200924,Series B,10500000000.0,,1,1,2017년 이전,23,IT
2500000000.0,0,수도권,20210621,Series B,,,1,1,2017년 이전,10,IT
220000000.0,0,수도권,20140120,투자 단계 비공개,40000000.0,,1,1,2017년 이전,1,IT
70000000.0,1,수도권,20171004,Seed,,,0,0,2017년 이전,1,IT
590000000.0,1,비수도권,20190501,해당없음,590000000.0,,0,0,2017년 이전,9,None IT
600000000.0,1,수도권,20170331,Seed,600000000.0,,0,0,2017년 이후,38,IT
4350000000.0,1,수도권,20190401,투자 단계 비공개,400000000.0,,0,0,2017년 이후,1,None IT
3500000000.0,0,수도권,20210723,Series A,3000000000.0,,0,0,2017년 이후,14,IT
8200000000.0,7,비수도권,20190325,Seed,200000000.0,,0,0,2017년 이후,32,IT
300022800.0,16,수도권,20190930,Seed,300022800.0,,0,0,2017년 이전,26,IT
137000000.0,0,수도권,20180426,Angel,87000000.0,2000000000.0,1,1,2017년 이전,7,IT
3000000000.0,3,수도권,20190422,투자 단계 비공개,1500000000.0,,0,0,2017년 이후,14,IT
72000000.0,15,수도권,20170320,Seed,72000000.0,,1,1,2017년 이전,58,IT
600000000.0,0,수도권,20150323,Seed,100000000.0,,0,1,2017년 이전,12,IT
64000000.0,1,수도권,20210610,투자 단계 비공개,64000000.0,64000000.0,0,1,2017년 이후,2,None IT
300000000.0,4,수도권,20191201,투자 단계 비공개,300000000.0,,0,0,2017년 이후,22,IT
400000000.0,0,수도권,20111101,투자 단계 비공개,400000000.0,,1,0,2017년 이전,1,IT
146300000000.0,17,수도권,20160418,투자 단계 비공개,57000000000.0,,0,0,2017년 이전,1,IT
1000000000.0,1,수도권,20150729,투자 단계 비공개,1000000000.0,,0,1,2017년 이전,1,IT
12290000000.0,4,수도권,20211025,Series A,11000000000.0,,0,0,2017년 이후,18,None IT
8800000000.0,30,수도권,20140923,Seed,500000000.0,,0,0,2017년 이전,31,None IT
13700000000.0,20,수도권,20210524,Series A,2700000000.0,,1,1,2017년 이전,26,IT
1500000000.0,0,수도권,20150518,투자 단계 비공개,1500000000.0,,1,1,2017년 이전,1,IT
4350000000.0,1,수도권,20170327,투자 단계 비공개,4000000000.0,,0,1,2017년 이전,1,IT
200000000.0,0,수도권,20130227,투자 단계 비공개,200000000.0,,0,0,2017년 이전,1,IT
3500000000.0,7,수도권,20180919,투자 단계 비공개,,,0,0,2017년 이전,34,IT
700000000.0,3,수도권,20170823,투자 단계 비공개,100000000.0,,0,0,2017년 이후,30,None IT
15000000.0,0,수도권,20150801,투자 단계 비공개,5000000.0,,0,0,2017년 이전,1,None IT
1000000000.0,3,수도권,20200930,Seed,500000000.0,,1,1,2017년 이후,23,IT
120000000.0,0,수도권,20140916,투자 단계 비공개,100000000.0,,0,0,2017년 이전,1,IT
1500000000.0,0,수도권,20031118,투자 단계 비공개,1500000000.0,,0,0,2017년 이전,1,None IT
10000000000.0,8,수도권,20190611,투자 단계 비공개,,,0,0,2017년 이전,32,IT
259000000.0,0,수도권,20150801,투자 단계 비공개,50000000.0,,0,0,2017년 이전,1,IT
20000000.0,2,수도권,20180101,투자 단계 비공개,20000000.0,,0,0,2017년 이후,31,IT
100000000.0,0,수도권,20130312,투자 단계 비공개,100000000.0,,0,1,2017년 이전,1,IT
307998000.0,1,비수도권,20180614,투자 단계 비공개,199998000.0,,0,0,2017년 이전,12,IT
1500000000.0,6,수도권,20200629,Seed,1500000000.0,,1,1,2017년 이후,1,IT
900000000.0,1,수도권,20120801,투자 단계 비공개,400000000.0,,0,1,2017년 이전,1,IT
4500000000.0,1,수도권,20171229,투자 단계 비공개,3500000000.0,,0,0,2017년 이후,20,IT
6627000000.0,6,수도권,20160203,Angel,500000000.0,,0,0,2017년 이전,20,IT
4200000000.0,0,수도권,20101101,투자 단계 비공개,1200000000.0,,0,0,2017년 이전,1,IT
300000000.0,6,수도권,20191001,Seed,200000000.0,1500000000.0,0,0,2017년 이후,6,None IT
73000000.0,0,수도권,20090515,투자 단계 비공개,27000000.0,,1,0,2017년 이전,1,IT
130000000.0,0,수도권,20130101,투자 단계 비공개,30000000.0,,0,0,2017년 이전,1,None IT
714000000.0,0,비수도권,20150401,투자 단계 비공개,70000000.0,,0,0,2017년 이전,1,None IT
3500000000.0,4,수도권,20200320,Series A,3500000000.0,,1,1,2017년 이전,17,None IT
1350000000.0,0,수도권,20160711,투자 단계 비공개,1000000000.0,,1,1,2017년 이전,27,IT
1250000000.0,5,수도권,20181203,Seed,700000000.0,,0,0,2017년 이전,19,IT
300000000.0,2,수도권,20180823,Angel,50000000.0,,0,0,2017년 이후,1,None IT
300000000.0,1,수도권,20210113,Seed,300000000.0,,0,0,2017년 이후,8,IT
300000000.0,0,수도권,20130129,투자 단계 비공개,300000000.0,,1,0,2017년 이전,1,IT
5000000000.0,1,수도권,20210511,Series B,5000000000.0,120000000000.0,0,0,2017년 이후,11,IT
148000000.0,3,비수도권,20190801,투자 단계 비공개,45000000.0,,0,0,2017년 이후,20,IT
200000000.0,1,수도권,20130304,해당없음,200000000.0,,0,0,2017년 이후,1,None IT
3000000000.0,0,수도권,20170317,Series A,3000000000.0,33000000000.0,0,0,2017년 이전,11,IT
4800000000.0,2,수도권,20181020,Series A,1000000000.0,,1,1,2017년 이전,3,IT
40000000.0,0,수도권,20140714,투자 단계 비공개,40000000.0,,0,0,2017년 이전,1,IT
651437434.0,10,수도권,20210810,Seed,100000000.0,3000000000.0,0,0,2017년 이후,6,IT
5800000000.0,8,수도권,20210326,Series B,4000000000.0,,0,0,2017년 이후,1,IT
2330000000.0,6,수도권,20191230,투자 단계 비공개,1200000000.0,,0,0,2017년 이전,30,IT
100000000.0,16,수도권,20191111,투자 단계 비공개,100000000.0,,1,1,2017년 이후,30,IT
200000000.0,0,비수도권,20150601,투자 단계 비공개,200000000.0,,0,0,2017년 이전,1,None IT
14800000000.0,3,수도권,20201116,Series B,8000000000.0,,0,0,2017년 이전,11,IT
50000000.0,0,수도권,20150101,투자 단계 비공개,50000000.0,,0,0,2017년 이전,1,IT
3100000000.0,5,수도권,20211118,Series A,2000000000.0,,0,0,2017년 이후,15,IT
100000000.0,12,수도권,20200604,Angel,100000000.0,,1,1,2017년 이전,16,IT
2000000000.0,36,수도권,20201209,Series A,2000000000.0,,0,0,2017년 이후,33,IT
16100000000.0,4,수도권,20211029,Series A,14000000000.0,,0,0,2017년 이전,34,IT
5500000000.0,12,수도권,20170608,해당없음,500000000.0,,1,1,2017년 이전,24,IT
165000000.0,0,수도권,20170704,Seed,65000000.0,,0,0,2017년 이전,6,None IT
13300000000.0,9,수도권,20211104,Series A,13300000000.0,,0,0,2017년 이전,22,IT
947000000.0,0,수도권,20151001,투자 단계 비공개,17000000.0,,0,0,2017년 이전,1,None IT
5000000000.0,1,수도권,20140121,투자 단계 비공개,5000000000.0,,1,1,2017년 이전,14,IT
500000000.0,2,수도권,20160111,Seed,500000000.0,,0,1,2017년 이전,1,IT
1400000000.0,5,수도권,20210623,해당없음,500000000.0,,1,1,2017년 이후,18,IT
28000000.0,3,수도권,20200910,해당없음,2000000.0,,0,0,2017년 이후,22,IT
340000000.0,1,수도권,20140801,투자 단계 비공개,60000000.0,,0,0,2017년 이전,1,IT
1000000000.0,0,수도권,20130128,투자 단계 비공개,1000000000.0,,1,1,2017년 이전,1,IT
30000000.0,0,수도권,20151019,Seed,30000000.0,,1,1,2017년 이전,9,IT
5500000000.0,1,수도권,20121218,투자 단계 비공개,3500000000.0,,1,1,2017년 이전,1,IT
800000000.0,3,수도권,20160801,Series A,,,1,1,2017년 이전,17,IT
2100000000.0,2,비수도권,20180420,Seed,400000000.0,,1,1,2017년 이전,1,IT
500000000.0,7,수도권,20170506,Seed,,,1,1,2017년 이전,23,IT
500000000.0,0,수도권,20140501,Seed,100000000.0,,1,1,2017년 이전,1,IT
6380000000.0,12,수도권,20180330,Seed,1380000000.0,,0,0,2017년 이후,9,IT
18700000000.0,52,수도권,20210226,Series B,14700000000.0,,1,1,2017년 이전,29,IT
4000000000.0,26,수도권,20190415,Seed,4000000000.0,,0,0,2017년 이후,22,None IT
1000000000.0,20,수도권,20170302,투자 단계 비공개,1000000000.0,,0,0,2017년 이전,17,IT
1300000000.0,3,수도권,20180125,투자 단계 비공개,,,0,1,2017년 이전,1,IT
1599975890.0,2,수도권,20181201,투자 단계 비공개,500000000.0,,0,0,2017년 이후,33,IT
74000000000.0,12,수도권,20170727,투자 단계 비공개,24000000000.0,,0,0,2017년 이전,54,IT
2500000000.0,9,수도권,20200601,Series A,2500000000.0,,0,0,2017년 이전,7,IT
25600000000.0,4,수도권,20170501,Series A,2000000000.0,,0,0,2017년 이전,32,None IT
35000000.0,0,수도권,20130701,투자 단계 비공개,35000000.0,,0,1,2017년 이전,1,IT
7540000000.0,2,수도권,20200320,Series A,2000000000.0,,1,1,2017년 이전,27,None IT
108350000.0,0,수도권,20110601,투자 단계 비공개,108350000.0,,1,0,2017년 이전,1,IT
280000000.0,3,수도권,20210209,Seed,80000000.0,,0,0,2017년 이후,7,IT
730000000.0,8,수도권,20200214,투자 단계 비공개,230000000.0,,0,0,2017년 이후,24,IT
150000000.0,0,수도권,20180719,투자 단계 비공개,150000000.0,200000000.0,0,0,2017년 이후,37,IT
800000000.0,4,수도권,20200701,해당없음,500000000.0,,0,0,2017년 이후,32,None IT
7000000000.0,16,수도권,20160108,Seed,,,1,1,2017년 이전,18,IT
1050000000.0,7,수도권,20210112,투자 단계 비공개,350000000.0,,0,0,2017년 이전,17,IT
270000000.0,2,수도권,20180605,Seed,250000000.0,,0,0,2017년 이전,22,IT
9110360575.0,4,수도권,20191113,투자 단계 비공개,780000000.0,,0,0,2017년 이전,11,IT
3000000000.0,17,수도권,20210301,Series A,3000000000.0,,1,1,2017년 이전,43,IT
500000000.0,0,수도권,20150903,투자 단계 비공개,500000000.0,,1,1,2017년 이전,1,IT
2100000000.0,0,수도권,20140701,투자 단계 비공개,1000000000.0,,1,1,2017년 이전,1,IT
800000000.0,3,수도권,20200309,Series A,500000000.0,8000000000.0,0,0,2017년 이전,1,IT
110000000.0,10,수도권,20160919,Seed,110000000.0,,0,0,2017년 이전,12,None IT
1110000000.0,7,비수도권,20200916,투자 단계 비공개,800000000.0,,0,0,2017년 이전,25,IT
30000000.0,0,비수도권,20150601,투자 단계 비공개,30000000.0,,0,0,2017년 이전,1,IT
310000000.0,2,수도권,20140601,Angel,100000000.0,,1,1,2017년 이전,10,IT
210000000.0,0,수도권,20190501,Angel,70000000.0,2000000000.0,0,0,2017년 이후,1,None IT
3130000000.0,1,수도권,20180501,Series A,130000000.0,,0,0,2017년 이전,9,None IT
21700000000.0,5,수도권,20150922,Series A,1700000000.0,,0,0,2017년 이전,1,IT
500000000.0,0,비수도권,20210415,Seed,,,0,0,2017년 이후,27,IT
8407977600.0,1,수도권,20161201,투자 단계 비공개,1569994800.0,,0,0,2017년 이전,17,IT
2000000000.0,3,수도권,20150805,투자 단계 비공개,2000000000.0,,1,1,2017년 이전,28,IT
775000000.0,3,수도권,20200831,투자 단계 비공개,500000000.0,,1,1,2017년 이후,31,IT
1260000000.0,10,수도권,20211001,Seed,420000000.0,,0,0,2017년 이후,24,IT
500000000.0,0,수도권,20130901,Seed,500000000.0,,1,0,2017년 이전,1,IT
100000000.0,5,수도권,20190315,Seed,100000000.0,,0,0,2017년 이후,14,IT
100000000.0,0,수도권,20151001,투자 단계 비공개,100000000.0,,0,0,2017년 이전,1,None IT
100000000.0,1,수도권,20201111,투자 단계 비공개,100000000.0,1000000000.0,0,0,2017년 이후,1,None IT
1000000000.0,0,수도권,20170131,Angel,1000000000.0,2000000000.0,0,0,2017년 이전,20,IT
115000000.0,15,비수도권,20130630,투자 단계 비공개,115000000.0,,1,1,2017년 이후,1,IT
45000000.0,3,수도권,20211013,Seed,,,0,0,2017년 이후,13,IT
2000000000.0,5,수도권,20200601,Seed,,,1,1,2017년 이후,23,IT
500000000.0,2,수도권,20181213,Seed,500000000.0,,0,0,2017년 이후,18,IT
4500000000.0,6,수도권,20171215,투자 단계 비공개,,,0,0,2017년 이후,6,None IT
1360000000.0,3,수도권,20181010,해당없음,660000000.0,,1,1,2017년 이전,1,IT
9500000000.0,0,수도권,20160104,투자 단계 비공개,3500000000.0,,0,0,2017년 이전,10,None IT
500000000.0,4,수도권,20190501,투자 단계 비공개,500000000.0,,0,0,2017년 이후,1,None IT
2000000.0,8,수도권,20190708,투자 단계 비공개,,,0,0,2017년 이전,15,IT
99800000000.0,7,수도권,20160324,Series A,3000000000.0,,0,1,2017년 이전,11,IT
163750000.0,0,수도권,20161108,투자 단계 비공개,163750000.0,,1,1,2017년 이전,2,IT
600000000.0,0,수도권,20161128,투자 단계 비공개,,,0,0,2017년 이전,16,IT
840000000.0,0,수도권,20140101,투자 단계 비공개,600000000.0,,0,0,2017년 이전,1,IT
70000000.0,1,수도권,20190412,Angel,50000000.0,250000000.0,0,0,2017년 이후,1,None IT
100000000.0,0,수도권,20140601,투자 단계 비공개,100000000.0,,0,0,2017년 이전,1,IT
95000000000.0,11,비수도권,20171222,투자 단계 비공개,20000000000.0,,1,1,2017년 이전,1,IT
1447250000.0,0,수도권,20200519,투자 단계 비공개,1447250000.0,,0,0,2017년 이후,3,None IT
430000000.0,0,수도권,20120801,투자 단계 비공개,100000000.0,,0,0,2017년 이전,1,IT
16000000000.0,8,수도권,20210309,Series A,11000000000.0,,0,0,2017년 이후,15,IT
100000000.0,0,수도권,20120227,Angel,100000000.0,,0,0,2017년 이전,1,IT
320000000.0,2,수도권,20200506,투자 단계 비공개,300000000.0,,0,0,2017년 이후,16,IT
300000000.0,0,수도권,20140203,투자 단계 비공개,300000000.0,,1,1,2017년 이전,1,IT
100000000.0,3,수도권,20180319,투자 단계 비공개,100000000.0,,0,0,2017년 이후,1,IT
1100000000.0,2,수도권,20191223,투자 단계 비공개,1100000000.0,,0,1,2017년 이후,19,IT
9400000000.0,14,수도권,20160731,Series A,1400000000.0,,0,0,2017년 이전,17,IT
1000000000.0,0,수도권,20180913,투자 단계 비공개,1000000000.0,,0,0,2017년 이후,1,IT
2900000000.0,19,수도권,20191007,투자 단계 비공개,2000000000.0,,0,0,2017년 이후,12,IT
2500000000.0,0,수도권,20120901,투자 단계 비공개,2000000000.0,,0,1,2017년 이전,1,IT
1000000000.0,1,비수도권,20210524,투자 단계 비공개,1000000000.0,,0,0,2017년 이후,1,IT
150000000.0,0,수도권,20190306,Seed,150000000.0,1500000000.0,0,0,2017년 이후,1,IT
4399000000.0,19,수도권,20170425,투자 단계 비공개,,,1,1,2017년 이전,7,IT
5000000.0,1,비수도권,20170110,투자 단계 비공개,5000000.0,,0,0,2017년 이전,1,IT
3125000000.0,21,수도권,20191224,Series A,2400000000.0,,0,0,2017년 이전,31,IT
500000000.0,0,수도권,20120530,투자 단계 비공개,500000000.0,,0,0,2017년 이전,1,IT
2500000000.0,0,수도권,20180402,Series A,1500000000.0,,0,0,2017년 이전,1,IT
1350000000.0,10,수도권,20181001,해당없음,100000000.0,,0,0,2017년 이후,19,IT
100000000.0,0,수도권,20120701,Series B,100000000.0,,0,0,2017년 이전,1,None IT
400000000.0,0,수도권,20160809,투자 단계 비공개,,,0,0,2017년 이전,15,IT
8200000000.0,6,수도권,20210630,Series A,3500000000.0,,1,1,2017년 이후,27,None IT
400000000.0,3,수도권,20170520,투자 단계 비공개,100000000.0,1000000000.0,0,0,2017년 이전,16,IT
1250000000.0,5,수도권,20160125,투자 단계 비공개,1250000000.0,,0,0,2017년 이전,18,IT
4300000000.0,36,수도권,20211101,해당없음,,,0,0,2017년 이후,17,IT
230000000.0,1,수도권,20170901,Seed,30000000.0,,0,0,2017년 이전,3,None IT
40900000000.0,5,수도권,20190215,Series D,18500000000.0,,0,0,2017년 이전,13,IT
2100000000.0,12,수도권,20180601,Seed,,,0,0,2017년 이후,8,None IT
150000000.0,7,수도권,20201217,Seed,150000000.0,,0,0,2017년 이후,13,IT
600000000.0,0,수도권,20141231,투자 단계 비공개,600000000.0,,1,1,2017년 이전,1,IT
520000000.0,9,수도권,20210317,Angel,520000000.0,,1,1,2017년 이후,37,None IT
176500000000.0,5,수도권,20131230,Angel,500000000.0,,0,0,2017년 이전,24,IT
20000000.0,0,수도권,20200305,투자 단계 비공개,20000000.0,250000000.0,0,0,2017년 이후,14,IT
1710000000.0,0,수도권,20150101,투자 단계 비공개,1000000000.0,,0,0,2017년 이전,1,IT
200000000.0,0,수도권,20150618,투자 단계 비공개,100000000.0,,0,0,2017년 이전,1,None IT
1000000000.0,10,수도권,20201030,Series A,500000000.0,,0,0,2017년 이후,30,IT
4000000000.0,6,수도권,20190107,Series A,500000000.0,,1,1,2017년 이후,17,IT
5500000000.0,1,수도권,20150914,투자 단계 비공개,3500000000.0,,1,1,2017년 이전,1,IT
4000000000.0,33,수도권,20181031,Series A,4000000000.0,,1,1,2017년 이전,57,IT
1500000000.0,2,수도권,20150701,투자 단계 비공개,1000000000.0,,0,0,2017년 이전,1,IT
10300000000.0,17,수도권,20200324,Series A,3000000000.0,,1,1,2017년 이후,22,IT
120000000.0,0,수도권,20160201,Seed,120000000.0,,0,0,2017년 이전,9,IT
110000000000.0,4,수도권,20160622,투자 단계 비공개,50000000000.0,,1,1,2017년 이전,30,IT
1200000000.0,1,수도권,20151126,투자 단계 비공개,1200000000.0,,0,0,2017년 이전,21,IT
12828000000.0,4,수도권,20160301,Angel,240000000.0,,1,1,2017년 이전,27,IT
300000000.0,12,수도권,20210304,Seed,300000000.0,,1,1,2017년 이후,23,IT
2100000000.0,5,수도권,20181224,투자 단계 비공개,,,0,0,2017년 이후,22,IT
5570000000.0,3,수도권,20200227,Series A,4000000000.0,,0,0,2017년 이전,13,IT
1120000000.0,0,수도권,20150101,투자 단계 비공개,500000000.0,,0,1,2017년 이전,74,IT
100000000.0,14,수도권,20210901,투자 단계 비공개,100000000.0,,0,1,2017년 이후,19,None IT
18500000000.0,4,수도권,20200828,Series A,6000000000.0,,0,0,2017년 이전,42,IT
20000000.0,0,수도권,20090101,투자 단계 비공개,20000000.0,,0,0,2017년 이전,1,IT
96000000.0,0,수도권,20210201,투자 단계 비공개,96000000.0,,0,1,2017년 이후,8,IT
1020000000.0,5,수도권,20210801,해당없음,500000000.0,,0,0,2017년 이후,24,IT
50000000.0,1,수도권,20210518,투자 단계 비공개,,,0,0,2017년 이후,9,None IT
4500000000.0,2,수도권,20210504,Series A,4000000000.0,36000000000.0,1,1,2017년 이후,10,None IT
1600000000.0,3,수도권,20210913,Series A,1300000000.0,,0,0,2017년 이후,11,IT
170000000.0,0,수도권,20211001,투자 단계 비공개,170000000.0,,0,0,2017년 이후,16,None IT
700000000.0,9,수도권,20191206,투자 단계 비공개,,,0,0,2017년 이전,24,IT
5000000000.0,16,수도권,20191017,Series A,5000000000.0,,0,0,2017년 이후,21,None IT
210000000.0,0,수도권,20160126,투자 단계 비공개,100000000.0,,1,1,2017년 이전,17,IT
2000000000.0,1,수도권,20200729,Series A,2000000000.0,,0,0,2017년 이후,1,IT
6000000000.0,0,수도권,20141022,투자 단계 비공개,1000000000.0,,0,0,2017년 이전,19,IT
4000000000.0,18,수도권,20121201,투자 단계 비공개,1000000000.0,,0,0,2017년 이전,35,IT
4000000000.0,5,수도권,20110629,투자 단계 비공개,4000000000.0,,1,1,2017년 이전,1,IT
40000000.0,0,수도권,20140701,투자 단계 비공개,40000000.0,,0,0,2017년 이전,1,IT
7700000000.0,18,수도권,20200203,Series A,6500000000.0,,1,1,2017년 이전,17,IT
20500000000.0,1,수도권,20190405,Series B,15000000000.0,,0,0,2017년 이전,1,None IT
500000000.0,1,수도권,20201030,투자 단계 비공개,500000000.0,,1,1,2017년 이후,4,IT
930000000.0,2,수도권,20190601,Angel,200000000.0,,0,0,2017년 이후,11,IT
10000000.0,8,수도권,20200901,해당없음,,,0,0,2017년 이후,14,IT
445000000.0,5,수도권,20160217,Angel,445000000.0,,0,0,2017년 이전,1,None IT
22680000000.0,5,수도권,20150703,Seed,600000000.0,,0,0,2017년 이전,1,IT
2503270000.0,1,수도권,20181203,Angel,2160000000.0,24000000000.0,0,0,2017년 이전,18,IT
2096997500.0,2,수도권,20190410,Seed,150000000.0,150000000.0,0,0,2017년 이후,12,IT
135000000.0,3,수도권,20171230,투자 단계 비공개,30000000.0,,0,0,2017년 이전,1,None IT
15000000000.0,7,수도권,20201117,Series A,3000000000.0,,0,0,2017년 이후,1,None IT
16800000000.0,23,수도권,20181206,Seed,800000000.0,,0,0,2017년 이후,11,IT
600000000.0,0,비수도권,20170724,Seed,600000000.0,2700000000.0,0,0,2017년 이전,13,IT
1500000000.0,4,수도권,20190709,Seed,,,0,0,2017년 이후,16,IT
600000000.0,8,수도권,20210915,투자 단계 비공개,400000000.0,,0,0,2017년 이후,24,IT
3100000000.0,17,수도권,20170428,Series A,2100000000.0,,1,1,2017년 이전,1,IT
30000000.0,0,비수도권,20160120,Angel,30000000.0,,0,0,2017년 이전,11,IT
1000000000.0,0,수도권,20140311,투자 단계 비공개,1000000000.0,,0,0,2017년 이전,1,IT
15800000.0,0,수도권,20160926,투자 단계 비공개,15800000.0,,0,0,2017년 이후,1,None IT
600000000.0,8,수도권,20160728,투자 단계 비공개,100000000.0,,0,0,2017년 이전,48,IT
500000000.0,0,수도권,20160202,투자 단계 비공개,500000000.0,,0,0,2017년 이전,15,IT
3650000000.0,1,수도권,20130417,Seed,50000000.0,,0,0,2017년 이전,20,IT
100000000.0,0,수도권,20141201,투자 단계 비공개,100000000.0,,0,0,2017년 이전,1,IT
10150000000.0,3,수도권,20170404,Seed,1350000000.0,,1,1,2017년 이전,64,IT
30000600.0,0,비수도권,20191016,Seed,30000600.0,560000000.0,0,0,2017년 이후,15,IT
3075000000.0,2,수도권,20200303,투자 단계 비공개,150000000.0,,1,1,2017년 이전,18,IT
700000000.0,31,수도권,20160620,Angel,700000000.0,,1,1,2017년 이전,36,IT
1100000000.0,1,수도권,20140109,투자 단계 비공개,100000000.0,,0,0,2017년 이전,1,IT
1300000000.0,11,비수도권,20180701,투자 단계 비공개,,,0,0,2017년 이전,1,IT
55058000.0,3,수도권,20170831,투자 단계 비공개,3750000.0,,0,0,2017년 이후,1,None IT
1300000000.0,1,수도권,20151231,투자 단계 비공개,,,0,0,2017년 이전,1,IT
300000000.0,0,수도권,20120823,투자 단계 비공개,300000000.0,,0,0,2017년 이전,1,IT
600000000.0,0,수도권,20160101,Seed,600000000.0,,0,0,2017년 이전,6,IT
600000000.0,22,수도권,20171205,투자 단계 비공개,600000000.0,,1,1,2017년 이후,44,IT
5000000000.0,1,수도권,20190809,투자 단계 비공개,5000000000.0,,0,0,2017년 이전,15,IT
300000000.0,0,수도권,20181030,Seed,300000000.0,1800000000.0,0,0,2017년 이후,9,None IT
220000000.0,4,수도권,20200928,Seed,220000000.0,,0,0,2017년 이후,4,IT
3300000000.0,12,수도권,20120801,투자 단계 비공개,800000000.0,,1,1,2017년 이전,20,IT
1200000000.0,1,수도권,20181201,투자 단계 비공개,700000000.0,7000000000.0,1,1,2017년 이전,21,None IT
2000000000.0,0,수도권,20110301,투자 단계 비공개,2000000000.0,,1,1,2017년 이전,1,IT
1300000000.0,9,수도권,20200401,Seed,,,1,1,2017년 이후,15,None IT
100000000.0,0,수도권,20130117,Angel,100000000.0,,1,1,2017년 이전,1,None IT
200000000.0,0,수도권,20130108,투자 단계 비공개,200000000.0,,1,1,2017년 이전,1,IT
350000000.0,0,수도권,20130831,Seed,350000000.0,,0,0,2017년 이전,1,IT
29200000000.0,110,수도권,20161118,투자 단계 비공개,1500000000.0,,1,1,2017년 이전,19,IT
3700000000.0,0,수도권,20150212,투자 단계 비공개,2000000000.0,,0,0,2017년 이전,29,IT
360000000.0,0,수도권,20131201,투자 단계 비공개,100000000.0,,0,0,2017년 이전,1,None IT
3400000000.0,14,수도권,20210701,Series A,3000000000.0,,1,1,2017년 이후,15,None IT
1800000000.0,8,수도권,20200122,투자 단계 비공개,300000000.0,,0,0,2017년 이후,2,None IT
200000000.0,0,비수도권,20150701,투자 단계 비공개,200000000.0,,0,0,2017년 이전,1,None IT
480000000.0,3,수도권,20210413,Seed,400000000.0,,0,0,2017년 이후,5,None IT
5200000000.0,9,수도권,20150915,투자 단계 비공개,3000000000.0,,1,1,2017년 이전,17,IT
33000000000.0,4,수도권,20160727,투자 단계 비공개,20000000000.0,,1,1,2017년 이전,17,IT
500000000.0,1,수도권,20200703,Angel,300000000.0,,0,0,2017년 이후,30,IT
100000000.0,2,수도권,20171222,Seed,100000000.0,1250000000.0,0,0,2017년 이후,6,IT
50000000.0,0,수도권,20170520,Seed,50000000.0,,0,0,2017년 이후,5,None IT
100000000.0,3,비수도권,20150327,투자 단계 비공개,100000000.0,,0,1,2017년 이전,29,IT
600000000.0,0,수도권,20141101,투자 단계 비공개,600000000.0,,0,0,2017년 이전,1,None IT
600000000.0,0,수도권,20180824,투자 단계 비공개,100000000.0,,1,1,2017년 이전,23,IT
200000000.0,0,비수도권,20160526,투자 단계 비공개,200000000.0,,0,0,2017년 이전,1,None IT
5000000000.0,2,수도권,20191108,Series A,5000000000.0,,0,0,2017년 이후,10,IT
800000000.0,0,수도권,19050707,투자 단계 비공개,300000000.0,,0,0,2017년 이전,1,IT
110000000.0,0,비수도권,20160628,투자 단계 비공개,110000000.0,,1,1,2017년 이전,8,IT
120000000.0,0,수도권,20170701,투자 단계 비공개,120000000.0,,0,0,2017년 이후,1,None IT
4200000000.0,12,수도권,20150930,투자 단계 비공개,1200000000.0,,0,0,2017년 이전,25,IT
2999820000.0,13,수도권,20210813,Series B,2999820000.0,,1,1,2017년 이후,36,IT
5110000000.0,4,수도권,20131030,투자 단계 비공개,400000000.0,,0,1,2017년 이전,26,IT
2000000000.0,0,수도권,20181221,투자 단계 비공개,1000000000.0,4200000000.0,1,1,2017년 이후,16,IT
42000000.0,2,수도권,20190617,투자 단계 비공개,42000000.0,,0,0,2017년 이후,13,IT
22000000000.0,8,수도권,20190531,Series B,16000000000.0,,0,0,2017년 이전,21,IT
9200000000.0,0,수도권,20130306,Series A,2000000000.0,,1,1,2017년 이전,1,IT
100000000.0,2,수도권,20201110,Seed,100000000.0,,0,0,2017년 이후,13,None IT
23289800.0,3,수도권,20180131,Seed,12395800.0,,0,0,2017년 이후,1,None IT
100000000.0,2,수도권,20151001,투자 단계 비공개,100000000.0,,0,0,2017년 이전,1,IT
7920000000.0,9,수도권,20150622,투자 단계 비공개,800000000.0,,0,0,2017년 이전,1,IT
500000000.0,17,수도권,20180404,투자 단계 비공개,,,0,0,2017년 이후,12,None IT
6900000000.0,6,수도권,20180414,투자 단계 비공개,2000000000.0,,0,0,2017년 이전,15,IT
207476970.0,7,수도권,20200501,투자 단계 비공개,4000000.0,,0,0,2017년 이후,26,IT
6600000000.0,1,수도권,20171115,Series B,4000000000.0,,1,1,2017년 이전,24,IT
4600000000.0,6,수도권,20190104,투자 단계 비공개,1500000000.0,,0,1,2017년 이전,46,IT
30000000.0,1,수도권,20181224,Angel,30000000.0,,0,1,2017년 이전,28,IT
1450000000.0,10,수도권,20180701,투자 단계 비공개,600000000.0,,0,0,2017년 이전,28,None IT
15175000000.0,5,수도권,20160615,투자 단계 비공개,600000000.0,,0,0,2017년 이전,1,IT
4600000000.0,2,비수도권,20190130,투자 단계 비공개,500000000.0,,1,1,2017년 이전,27,IT
980000000.0,6,수도권,20200520,해당없음,800000000.0,,1,1,2017년 이후,31,IT
645000000.0,20,수도권,20190304,해당없음,,,1,1,2017년 이후,39,IT
12330000000.0,12,수도권,20180806,Series A,2000000000.0,,1,1,2017년 이전,26,IT
5100000000.0,2,수도권,20150202,Seed,300000000.0,,0,0,2017년 이전,11,IT
400000000.0,2,수도권,20140801,Angel,200000000.0,,1,1,2017년 이전,1,IT
14500000000.0,10,수도권,20191001,Series A,4000000000.0,,0,0,2017년 이후,1,None IT
100000000.0,0,수도권,20200925,Seed,100000000.0,1500000000.0,1,1,2017년 이전,12,IT
2000000000.0,2,비수도권,20190703,Series A,2000000000.0,,0,0,2017년 이전,1,None IT
150000000.0,1,수도권,20190801,Seed,150000000.0,,0,0,2017년 이후,1,None IT
875000000.0,3,수도권,20200401,Seed,875000000.0,2000000000.0,0,0,2017년 이후,12,IT
40000000.0,0,수도권,20140201,투자 단계 비공개,40000000.0,,0,0,2017년 이전,1,IT
250000000.0,5,수도권,20190115,Seed,250000000.0,,1,1,2017년 이후,1,None IT
4750000000.0,7,비수도권,20190820,Seed,,,0,0,2017년 이전,9,IT
70000000.0,0,수도권,20181101,투자 단계 비공개,70000000.0,,0,0,2017년 이후,5,None IT
250000000.0,1,수도권,20210203,Angel,200000000.0,,0,0,2017년 이후,1,None IT
830000000.0,6,수도권,20191210,Series A,,,0,0,2017년 이전,13,IT
350000000.0,0,수도권,20201231,투자 단계 비공개,350000000.0,,0,0,2017년 이후,13,None IT
34000000.0,0,수도권,20141115,Angel,10000000.0,,0,1,2017년 이전,12,IT
900000000.0,1,수도권,20190401,투자 단계 비공개,900000000.0,,0,0,2017년 이전,15,IT
2000000000.0,2,수도권,20200730,해당없음,2000000000.0,,0,0,2017년 이전,1,IT
300000000.0,4,수도권,20190520,투자 단계 비공개,300000000.0,,0,0,2017년 이전,1,None IT
635570000.0,1,수도권,20121130,투자 단계 비공개,10000000.0,,0,0,2017년 이전,35,IT
3000000000.0,28,수도권,20210930,투자 단계 비공개,3000000000.0,,0,0,2017년 이후,19,IT
100000000.0,1,수도권,20181022,Seed,100000000.0,4000000000.0,0,0,2017년 이후,6,None IT
5100000000.0,9,수도권,20171031,Series A,,,1,1,2017년 이전,44,None IT
599000000.0,9,수도권,20210525,투자 단계 비공개,,,0,0,2017년 이전,14,None IT
2400000000.0,1,수도권,20150915,Series A,400000000.0,,0,0,2017년 이전,1,IT
63400000000.0,3,수도권,20140409,투자 단계 비공개,14500000000.0,,1,1,2017년 이전,13,IT
170000000.0,6,수도권,20200316,해당없음,100000000.0,,0,0,2017년 이후,23,None IT
1000000000.0,4,수도권,20201101,Angel,1000000000.0,5000000000.0,0,0,2017년 이후,11,IT
2726000000.0,2,수도권,20210318,투자 단계 비공개,100000000.0,,0,0,2017년 이후,13,IT
500000000.0,1,수도권,20200715,Seed,500000000.0,,0,0,2017년 이전,17,IT
20000000.0,10,수도권,20170302,Seed,20000000.0,250000000.0,0,0,2017년 이후,25,IT
100000000.0,1,수도권,20150912,투자 단계 비공개,50000000.0,,0,0,2017년 이전,1,IT
10260000000.0,7,수도권,20160801,투자 단계 비공개,2000000000.0,,0,0,2017년 이전,1,IT
100000000.0,0,수도권,20140207,투자 단계 비공개,100000000.0,,1,1,2017년 이전,1,IT
3000000000.0,3,수도권,20150205,투자 단계 비공개,3000000000.0,,1,1,2017년 이전,33,IT
1000000000.0,0,수도권,20150420,투자 단계 비공개,1000000000.0,,0,0,2017년 이전,1,IT
35000000000.0,1,수도권,20200131,Pre-IPO,,,0,0,2017년 이전,1,None IT
50000000.0,1,수도권,20200501,투자 단계 비공개,50000000.0,,0,0,2017년 이후,1,IT
30000000.0,0,수도권,20150909,Seed,30000000.0,,0,0,2017년 이전,1,IT
100000000.0,1,수도권,20150801,투자 단계 비공개,100000000.0,,0,0,2017년 이전,1,IT
20000000.0,1,수도권,20200403,Seed,20000000.0,,0,0,2017년 이후,1,None IT
5000000000.0,2,수도권,20170801,Series A,5000000000.0,,1,1,2017년 이전,1,IT
100000000.0,8,수도권,20191211,Angel,,,0,0,2017년 이후,14,IT
198887000.0,21,수도권,20160308,Seed,198887000.0,2000000000.0,0,0,2017년 이전,38,None IT
3580000000.0,12,수도권,20201202,투자 단계 비공개,3000000000.0,,1,1,2017년 이후,9,None IT
10000000000.0,6,수도권,20210625,Series A,9000000000.0,,0,0,2017년 이전,11,IT
9300000000.0,2,수도권,20150908,투자 단계 비공개,3000000000.0,,0,0,2017년 이전,1,IT
4000000000.0,0,수도권,20120101,투자 단계 비공개,500000000.0,,0,0,2017년 이전,1,IT
7000000000.0,10,비수도권,20200824,Series A,5000000000.0,,0,1,2017년 이전,1,IT
1500000000.0,2,수도권,20201029,투자 단계 비공개,1500000000.0,,0,0,2017년 이후,18,None IT
700000000.0,0,수도권,20150903,투자 단계 비공개,700000000.0,,1,1,2017년 이전,1,IT
1820000000.0,11,수도권,20171101,Angel,370000000.0,,1,1,2017년 이후,25,IT
8250000000.0,0,수도권,20150729,투자 단계 비공개,1050000000.0,,0,0,2017년 이전,28,IT
350000000.0,8,수도권,20171031,Series A,,,1,1,2017년 이전,7,IT
100000000.0,1,비수도권,20170809,투자 단계 비공개,100000000.0,,0,0,2017년 이후,21,IT
600000000.0,0,수도권,20140901,투자 단계 비공개,100000000.0,,0,0,2017년 이전,1,IT
230000000.0,3,수도권,20191221,Angel,230000000.0,,0,0,2017년 이후,1,None IT
50000000000.0,26,수도권,20191101,Series B,30000000000.0,180000000000.0,0,0,2017년 이전,1,IT
11380000000.0,19,수도권,20171201,투자 단계 비공개,150000000.0,,0,0,2017년 이전,27,IT
940000000.0,0,수도권,20111201,투자 단계 비공개,500000000.0,,0,0,2017년 이전,1,IT
300000000.0,4,수도권,20150705,Series A,300000000.0,,0,0,2017년 이전,16,IT
600000000.0,6,수도권,20210317,Seed,600000000.0,,1,1,2017년 이후,18,IT
3000000000.0,1,수도권,20201231,Series A,3000000000.0,50000000000.0,1,1,2017년 이후,27,IT
3800000000.0,27,수도권,20180401,Seed,800000000.0,,0,0,2017년 이전,1,IT
1000000000.0,7,수도권,20190410,Seed,1000000000.0,,0,0,2017년 이후,11,IT
2000000000.0,1,수도권,20170207,투자 단계 비공개,1200000000.0,,0,0,2017년 이전,1,IT
2200000000.0,44,수도권,20160601,투자 단계 비공개,,,0,0,2017년 이전,1,IT
500000000.0,1,수도권,20150401,Seed,500000000.0,,0,0,2017년 이전,1,IT
34400000000.0,21,수도권,20170410,투자 단계 비공개,,,1,1,2017년 이전,28,IT
5188000000.0,14,수도권,20180426,투자 단계 비공개,1500000000.0,,1,1,2017년 이전,19,IT
600000000.0,16,수도권,20200108,Seed,,,1,1,2017년 이후,2,IT
1000000000.0,4,수도권,20200616,Seed,1000000000.0,,0,0,2017년 이후,3,IT
200000000.0,0,비수도권,20150911,투자 단계 비공개,200000000.0,,0,0,2017년 이후,1,None IT
100000000.0,0,수도권,20140404,투자 단계 비공개,100000000.0,,1,0,2017년 이전,1,IT
100000000.0,5,수도권,20210723,투자 단계 비공개,100000000.0,,0,0,2017년 이후,15,IT
200000000.0,0,수도권,20140616,투자 단계 비공개,200000000.0,,1,1,2017년 이전,1,IT
13500000000.0,2,수도권,20150609,Series A,13500000000.0,,0,0,2017년 이전,1,IT
7200000000.0,7,수도권,20151007,투자 단계 비공개,7200000000.0,,1,1,2017년 이전,27,IT
400000000.0,8,수도권,20190118,투자 단계 비공개,400000000.0,,1,1,2017년 이후,19,IT
50000000.0,0,수도권,20130901,투자 단계 비공개,50000000.0,,0,0,2017년 이전,1,None IT
7500000000.0,14,수도권,20190711,투자 단계 비공개,6000000000.0,,0,0,2017년 이전,1,None IT
497500000.0,0,수도권,20170218,투자 단계 비공개,197500000.0,,0,0,2017년 이전,15,IT
180000000.0,0,수도권,20150101,투자 단계 비공개,20000000.0,,0,0,2017년 이전,1,None IT
444.0,0,수도권,20160212,투자 단계 비공개,444.0,444.0,0,0,2017년 이전,5,None IT
468000000.0,0,수도권,20160104,Angel,156000000.0,,0,0,2017년 이전,1,IT
3000000000.0,0,수도권,20161213,투자 단계 비공개,3000000000.0,,0,0,2017년 이전,12,IT
547800000.0,4,수도권,20210802,투자 단계 비공개,,,0,0,2017년 이후,18,IT
150000000.0,0,수도권,20120301,투자 단계 비공개,150000000.0,,1,1,2017년 이전,1,IT
105000000.0,2,비수도권,20201101,투자 단계 비공개,105000000.0,300000000.0,1,1,2017년 이후,1,IT
30000000.0,0,수도권,20140603,투자 단계 비공개,30000000.0,,0,0,2017년 이전,1,IT
4500000000.0,6,수도권,20210415,Series A,2000000000.0,,1,1,2017년 이후,18,IT
7440000000.0,11,수도권,20210228,Seed,7440000000.0,36000000000.0,0,0,2017년 이후,45,IT
1100000000.0,7,수도권,20200306,투자 단계 비공개,1100000000.0,,1,1,2017년 이전,23,IT
300000000.0,7,수도권,20201105,Seed,300000000.0,,0,0,2017년 이후,18,IT
4800000000.0,0,수도권,20090101,투자 단계 비공개,1000000000.0,,0,0,2017년 이전,1,IT
25000000000.0,28,수도권,20170504,Series A,2000000000.0,,1,1,2017년 이전,22,IT
500000000.0,0,수도권,20100930,투자 단계 비공개,500000000.0,,0,0,2017년 이전,1,None IT
200000000.0,7,수도권,20190626,투자 단계 비공개,200000000.0,,0,0,2017년 이후,14,IT
6500000000.0,0,수도권,20120220,Seed,700000000.0,,0,0,2017년 이전,1,IT
8000000000.0,10,수도권,20170630,투자 단계 비공개,,,0,0,2017년 이후,27,IT
6000000000.0,0,수도권,20210106,Series A,6000000000.0,,0,0,2017년 이전,20,IT
5200000000.0,0,수도권,20151203,Series B,2200000000.0,,1,1,2017년 이전,29,IT
21400000000.0,9,수도권,20160920,투자 단계 비공개,6000000000.0,,0,0,2017년 이전,15,IT
4000000000.0,10,수도권,20190804,투자 단계 비공개,,,0,0,2017년 이후,22,None IT
1000000000.0,2,수도권,20160726,투자 단계 비공개,,,0,0,2017년 이전,20,IT
369999998.0,0,수도권,20181108,Seed,20000000.0,,0,0,2017년 이전,1,None IT
30000000000.0,19,수도권,20210621,Series A,30000000000.0,,0,0,2017년 이후,39,IT
2000000000.0,1,수도권,20160822,투자 단계 비공개,1000000000.0,,0,1,2017년 이전,1,IT
50000000.0,0,수도권,20200101,Seed,50000000.0,,0,0,2017년 이후,12,None IT
4700000000.0,2,수도권,20170814,투자 단계 비공개,4000000000.0,,0,0,2017년 이후,1,None IT
100000000.0,0,수도권,20170320,Seed,100000000.0,,0,0,2017년 이전,21,IT
1110203200.0,2,수도권,20200626,Angel,100100000.0,,0,0,2017년 이후,15,IT
2600000000.0,0,수도권,20121211,투자 단계 비공개,300000000.0,,1,0,2017년 이전,1,IT
450000000.0,0,수도권,20090101,투자 단계 비공개,450000000.0,,0,0,2017년 이전,1,IT
4600000000.0,27,수도권,20191031,Series A,3400000000.0,,1,1,2017년 이전,62,IT
1900000000.0,4,수도권,20210709,Series A,1000000000.0,,0,0,2017년 이후,16,IT
2000000000.0,6,수도권,20170930,Series A,1000000000.0,,1,1,2017년 이전,7,IT
28400000000.0,6,수도권,20140204,Series A,7600000000.0,,1,1,2017년 이전,1,IT
1685000000.0,3,수도권,20181210,투자 단계 비공개,18000000.0,,0,0,2017년 이후,23,IT
5000000000.0,6,수도권,20190201,투자 단계 비공개,5000000000.0,,0,0,2017년 이후,11,IT
2000000000.0,1,수도권,20180205,투자 단계 비공개,500000000.0,,1,1,2017년 이전,1,IT
9510000000.0,112,수도권,20151111,Seed,110000000.0,,1,1,2017년 이전,67,IT
100000000.0,2,수도권,20170516,Angel,100000000.0,,0,0,2017년 이전,11,IT
920000000.0,5,수도권,20210930,Angel,220000000.0,12000000000.0,0,0,2017년 이후,22,IT
700000000.0,0,수도권,20150601,Seed,700000000.0,,1,1,2017년 이전,1,IT
500000000.0,0,수도권,20210831,투자 단계 비공개,,,0,0,2017년 이후,16,IT
9600000000.0,0,수도권,20210531,투자 단계 비공개,1000000000.0,,1,1,2017년 이전,4,IT
35000000.0,0,수도권,20130701,투자 단계 비공개,35000000.0,,0,0,2017년 이전,1,IT
10700000000.0,1,수도권,20150423,투자 단계 비공개,4000000000.0,,0,0,2017년 이전,1,IT
1000000000.0,8,수도권,20181112,투자 단계 비공개,1000000000.0,,1,1,2017년 이전,22,IT
1250000000.0,8,수도권,20211105,해당없음,500000000.0,,0,0,2017년 이후,16,IT
300000000.0,0,수도권,20101001,투자 단계 비공개,300000000.0,,0,0,2017년 이전,1,IT
5000000000.0,17,수도권,20180712,Series A,,,0,0,2017년 이전,39,IT
1000000000.0,6,수도권,20200626,Angel,1000000000.0,,0,0,2017년 이전,8,None IT
6300000000.0,0,수도권,20100101,투자 단계 비공개,300000000.0,,0,0,2017년 이전,1,IT
120000000.0,0,수도권,20201118,Angel,120000000.0,500000000.0,0,0,2017년 이후,1,None IT
475500000.0,1,비수도권,20160630,투자 단계 비공개,25500000.0,,0,0,2017년 이전,4,IT
50000000.0,0,수도권,20131120,투자 단계 비공개,50000000.0,,0,0,2017년 이전,44,IT
1500000000.0,0,수도권,20151120,Seed,1500000000.0,10000000000.0,0,0,2017년 이전,1,IT
415000000.0,1,수도권,20180202,Angel,215000000.0,1000000000.0,0,0,2017년 이전,1,IT
5500000000.0,24,수도권,20210423,Series A,5000000000.0,,0,0,2017년 이후,20,IT
2000000000.0,0,수도권,20200601,Series B,2000000000.0,,0,0,2017년 이전,33,IT
4000000000.0,1,수도권,20160308,투자 단계 비공개,1000000000.0,,0,0,2017년 이전,1,None IT
1000000000.0,1,수도권,20140519,투자 단계 비공개,1000000000.0,,0,0,2017년 이전,1,IT
854000000.0,4,수도권,20200225,Seed,200000000.0,,0,0,2017년 이후,19,IT
50000000.0,0,수도권,20130201,Seed,20000000.0,,0,0,2017년 이전,1,IT
4220000000.0,22,수도권,20200203,Series A,300000000.0,,1,1,2017년 이전,23,IT
10250000000.0,0,수도권,20130401,투자 단계 비공개,,,0,0,2017년 이전,25,IT
46000000.0,8,수도권,20181130,투자 단계 비공개,46000000.0,800000000.0,1,1,2017년 이후,21,IT
200000000.0,8,수도권,20170720,투자 단계 비공개,30000000.0,580000000.0,0,0,2017년 이후,25,IT
6500000000.0,0,수도권,20180806,투자 단계 비공개,3500000000.0,,0,1,2017년 이전,8,IT
136000000000.0,2,수도권,20121211,투자 단계 비공개,5000000000.0,,1,1,2017년 이전,48,IT
130000000.0,0,수도권,20150812,투자 단계 비공개,100000000.0,,0,0,2017년 이전,1,IT
500000000.0,2,수도권,20210120,Seed,500000000.0,2500000000.0,0,0,2017년 이후,30,IT
2000000000.0,1,수도권,20181230,Series A,2000000000.0,,0,0,2017년 이전,17,IT
4800000000.0,2,수도권,20171002,투자 단계 비공개,1300000000.0,,0,0,2017년 이전,18,IT
10800000000.0,9,수도권,20130724,Series A,4800000000.0,,1,1,2017년 이후,48,IT
500000000.0,0,수도권,20200709,Seed,500000000.0,5000000000.0,0,0,2017년 이후,19,None IT
850000000.0,3,수도권,20170329,투자 단계 비공개,850000000.0,,1,1,2017년 이후,11,IT
400000000.0,0,비수도권,20170608,Seed,30000000.0,1000000000.0,0,0,2017년 이전,9,IT
1500000000.0,2,수도권,20160323,Series A,1500000000.0,,1,1,2017년 이전,13,IT
1300000000.0,38,수도권,20210909,해당없음,1000000000.0,,0,0,2017년 이후,1,None IT
180000000.0,1,수도권,20181018,Angel,50000000.0,250000000.0,0,0,2017년 이후,14,IT
3000000000.0,5,수도권,20150401,Series A,3000000000.0,,0,0,2017년 이전,16,IT
114000000.0,0,비수도권,20140916,투자 단계 비공개,100000000.0,,0,0,2017년 이전,1,IT
500000000.0,0,수도권,20100705,투자 단계 비공개,500000000.0,,0,0,2017년 이전,1,IT
1500000000.0,2,수도권,20180921,투자 단계 비공개,1000000000.0,,1,1,2017년 이후,4,IT
700000000.0,9,수도권,20160720,투자 단계 비공개,700000000.0,,0,0,2017년 이전,34,IT
1000000000.0,1,수도권,20140121,투자 단계 비공개,1000000000.0,,0,0,2017년 이전,1,IT
2750000000.0,7,수도권,20190615,투자 단계 비공개,300000000.0,,0,0,2017년 이후,21,None IT
8900000000.0,9,수도권,20170405,투자 단계 비공개,2100000000.0,,0,0,2017년 이전,52,IT
1400000000.0,4,수도권,20190605,투자 단계 비공개,600000000.0,6100000000.0,1,1,2017년 이전,1,None IT
1500000000.0,11,수도권,20190517,Series A,1500000000.0,,0,0,2017년 이전,17,IT
3300000000.0,0,수도권,20141201,Seed,500000000.0,,1,1,2017년 이전,27,IT
1500000000.0,0,수도권,20190610,Seed,,,0,0,2017년 이후,9,None IT
8500000000.0,4,수도권,20161004,투자 단계 비공개,3000000000.0,,1,0,2017년 이전,6,IT
100000000.0,10,수도권,20190916,투자 단계 비공개,100000000.0,3000000000.0,0,0,2017년 이후,30,IT
323000000.0,3,수도권,20201229,투자 단계 비공개,,,0,0,2017년 이전,15,IT
500000000.0,3,수도권,20190515,투자 단계 비공개,500000000.0,,0,0,2017년 이전,12,IT
13500000000.0,4,수도권,20191201,Series A,2000000000.0,,1,1,2017년 이전,1,IT
500000000.0,9,수도권,20210831,투자 단계 비공개,500000000.0,,0,0,2017년 이후,3,None IT
43400000000.0,27,수도권,20170712,투자 단계 비공개,6400000000.0,,1,1,2017년 이전,14,IT
300000000.0,0,수도권,20141007,투자 단계 비공개,150000000.0,,0,0,2017년 이전,1,IT
5000000000.0,2,수도권,20150331,투자 단계 비공개,5000000000.0,10000000000.0,0,0,2017년 이전,7,IT
2151200000.0,5,수도권,20190415,Series A,,,0,0,2017년 이후,18,IT
200000000.0,5,수도권,20191101,Seed,,,0,0,2017년 이후,15,IT
70000000.0,0,수도권,20140318,투자 단계 비공개,70000000.0,,1,1,2017년 이전,1,None IT
140000000.0,1,비수도권,20200709,Angel,140000000.0,5000000000.0,0,0,2017년 이후,13,IT
700000000.0,4,비수도권,20210614,Seed,700000000.0,,1,1,2017년 이후,20,IT
2500000000.0,1,수도권,20170608,투자 단계 비공개,500000000.0,,1,1,2017년 이후,21,IT
1500000000.0,0,비수도권,20190610,Seed,,,0,0,2017년 이후,1,IT
1700000000.0,8,수도권,20190603,투자 단계 비공개,1000000000.0,,0,0,2017년 이전,18,IT
3000000000.0,2,수도권,20151008,투자 단계 비공개,3000000000.0,,1,1,2017년 이전,22,IT
500000000.0,2,수도권,20200326,투자 단계 비공개,,,1,1,2017년 이후,18,None IT
2600000000.0,0,수도권,20140204,투자 단계 비공개,800000000.0,,0,0,2017년 이전,1,IT
500000000.0,0,수도권,20180723,투자 단계 비공개,500000000.0,,0,0,2017년 이후,2,None IT
730000000.0,7,수도권,20151022,투자 단계 비공개,500000000.0,,0,0,2017년 이전,1,IT
1500000000.0,0,수도권,20190424,투자 단계 비공개,500000000.0,7000000000.0,1,1,2017년 이전,18,IT
150000000.0,0,수도권,20150827,Angel,,,0,0,2017년 이전,1,IT
1000000000.0,11,수도권,20180430,Angel,1000000000.0,,0,0,2017년 이후,39,IT
1310000000.0,7,수도권,20191204,투자 단계 비공개,510000000.0,,0,0,2017년 이전,32,None IT
2400000000.0,1,수도권,20150416,Series A,2400000000.0,,1,1,2017년 이전,1,IT
300000000.0,8,수도권,20150701,투자 단계 비공개,300000000.0,,1,1,2017년 이전,28,IT
6000000000.0,66,수도권,20180112,투자 단계 비공개,5000000000.0,,1,1,2017년 이전,37,IT
1300000000.0,0,수도권,20130419,투자 단계 비공개,1300000000.0,,0,0,2017년 이전,1,None IT
100000000.0,1,수도권,20200601,Seed,100000000.0,,0,0,2017년 이후,1,None IT
9000000000.0,5,수도권,20171116,Series A,3000000000.0,,1,1,2017년 이전,8,IT
500000000.0,2,수도권,20180309,Seed,,,0,0,2017년 이후,22,None IT
130000000.0,1,수도권,20210401,투자 단계 비공개,30000000.0,100000000.0,0,0,2017년 이후,9,IT
2500000000.0,2,수도권,20200915,Series A,2500000000.0,,0,1,2017년 이전,39,IT
6629128.0,1,비수도권,20200221,Series C,6619944.0,591688465.0,0,0,2017년 이후,9,IT
5160000000.0,27,수도권,20180401,투자 단계 비공개,780000000.0,9000000000.0,1,1,2017년 이전,28,IT
5300000000.0,24,수도권,20180820,투자 단계 비공개,,,0,0,2017년 이후,1,IT
48100000000.0,120,수도권,20180424,Series B,6800000000.0,,1,1,2017년 이전,11,IT
19400000000.0,8,수도권,20181201,해당없음,400000000.0,,0,0,2017년 이전,10,IT
7550000000.0,3,수도권,20210708,Angel,4000000000.0,29000000000.0,0,0,2017년 이후,1,IT
16000000000.0,11,수도권,20151223,Series B,13000000000.0,,0,0,2017년 이전,34,IT
155000000.0,0,수도권,20150701,해당없음,15000000.0,,1,1,2017년 이전,5,IT
5800000000.0,9,비수도권,20200603,Series A,4500000000.0,,0,0,2017년 이후,8,IT
2000000000.0,2,수도권,20190909,Series A,2000000000.0,,0,0,2017년 이전,23,IT
8700000000.0,4,비수도권,20160212,투자 단계 비공개,,,0,0,2017년 이전,14,IT
600000000.0,0,수도권,20180928,Seed,600000000.0,4000000000.0,0,0,2017년 이후,10,IT
500000000.0,2,수도권,20170823,투자 단계 비공개,500000000.0,,0,0,2017년 이전,19,IT
4100000000.0,26,수도권,20200301,Seed,,,0,0,2017년 이후,25,IT
4100000000.0,0,비수도권,20161007,투자 단계 비공개,1000000000.0,,0,0,2017년 이전,1,None IT
1560000000.0,11,수도권,20200521,Seed,1560000000.0,,1,1,2017년 이후,22,IT
2000000000.0,3,수도권,20190213,Seed,,,1,1,2017년 이후,18,None IT
765000000.0,4,수도권,20181224,Seed,500000000.0,,0,0,2017년 이전,18,IT
100000000.0,0,수도권,20130630,투자 단계 비공개,100000000.0,,0,0,2017년 이전,1,IT
550000000.0,9,수도권,20210114,투자 단계 비공개,250000000.0,,0,0,2017년 이후,26,IT
100000000.0,1,수도권,20200404,투자 단계 비공개,100000000.0,,0,0,2017년 이후,30,IT
450000000.0,13,수도권,20131010,투자 단계 비공개,50000000.0,,1,1,2017년 이전,34,IT
12200000000.0,1,수도권,20150518,투자 단계 비공개,200000000.0,,0,0,2017년 이전,1,IT
2640000000.0,3,수도권,20150430,Series A,2640000000.0,,0,0,2017년 이전,12,IT
107140000.0,0,비수도권,20130401,투자 단계 비공개,107140000.0,,0,0,2017년 이전,1,IT
49000000.0,0,수도권,20160901,투자 단계 비공개,9000000.0,,0,0,2017년 이전,1,None IT
30000000.0,0,수도권,20141010,투자 단계 비공개,30000000.0,,0,1,2017년 이전,12,IT
800000000.0,21,수도권,20210315,투자 단계 비공개,,,1,1,2017년 이후,17,None IT
350000000.0,1,수도권,20200102,투자 단계 비공개,350000000.0,,1,1,2017년 이후,14,None IT
4000000000.0,0,수도권,20140731,투자 단계 비공개,700000000.0,,0,0,2017년 이전,1,IT
1550000000.0,10,수도권,20210716,해당없음,,,0,0,2017년 이후,20,IT
1002000000.0,0,수도권,20150303,투자 단계 비공개,1000000000.0,,0,0,2017년 이전,1,IT
3999990717.0,1,수도권,20210220,Series A,999997680.0,9283190720.0,0,0,2017년 이전,7,None IT
294000000.0,0,수도권,20151001,투자 단계 비공개,80000000.0,,0,0,2017년 이전,1,IT
1600000000.0,7,비수도권,20200801,해당없음,500000000.0,,0,0,2017년 이후,19,IT
1049999995.0,6,수도권,20200531,투자 단계 비공개,449999995.0,5000000000.0,1,1,2017년 이후,34,IT
200000000.0,12,수도권,20210128,Seed,200000000.0,,1,1,2017년 이후,29,IT
150000000.0,0,수도권,20130917,투자 단계 비공개,150000000.0,,0,0,2017년 이전,1,IT
300000000.0,11,수도권,20190802,Seed,200000000.0,,1,1,2017년 이전,9,IT
205100000000.0,9,수도권,20191001,Series C,199600000000.0,,1,1,2017년 이전,1,IT
66000000.0,2,수도권,20200601,투자 단계 비공개,66000000.0,,0,0,2017년 이후,9,None IT
1700000000.0,5,수도권,20110126,Series A,1700000000.0,,0,0,2017년 이전,20,IT
56000000.0,0,수도권,20150628,투자 단계 비공개,56000000.0,,0,0,2017년 이전,1,IT
19700000000.0,13,수도권,20190502,Series B,7100000000.0,,1,1,2017년 이후,38,IT
4500000.0,0,수도권,20130321,투자 단계 비공개,4500000.0,,1,1,2017년 이전,1,IT
4200000000.0,1,수도권,20151010,Seed,1800000000.0,18000000000.0,1,0,2017년 이전,48,IT
1400000000.0,0,수도권,20150909,투자 단계 비공개,200000000.0,,0,0,2017년 이전,1,IT
180000000.0,3,수도권,20170901,투자 단계 비공개,180000000.0,,0,0,2017년 이후,16,IT
18000000000.0,2,수도권,20180131,투자 단계 비공개,10000000000.0,,0,0,2017년 이전,1,IT
156000000.0,0,수도권,20130530,투자 단계 비공개,40000000.0,,0,0,2017년 이전,1,IT
5000.0,1,수도권,20111224,투자 단계 비공개,5000.0,,0,0,2017년 이전,1,IT
5000000000.0,2,수도권,20160418,Series A,5000000000.0,,0,0,2017년 이전,17,IT
300000000.0,2,수도권,20120701,투자 단계 비공개,300000000.0,,1,1,2017년 이전,1,IT
300000000.0,1,수도권,20140324,Angel,300000000.0,,0,0,2017년 이전,7,IT
4000000000.0,26,수도권,20200101,Angel,1000000000.0,,0,0,2017년 이후,4,IT
200000000.0,5,수도권,20180413,투자 단계 비공개,200000000.0,,0,1,2017년 이후,14,IT
50000000.0,1,비수도권,20200825,Seed,50000000.0,500000000.0,0,0,2017년 이후,8,IT
150000000.0,1,수도권,20201230,투자 단계 비공개,150000000.0,3000000000.0,0,0,2017년 이후,8,None IT
300000000.0,2,비수도권,20181128,투자 단계 비공개,300000000.0,2000000000.0,1,1,2017년 이전,8,None IT
20000000000.0,5,수도권,20180401,Angel,20000000000.0,,0,0,2017년 이후,12,IT
220000000.0,0,수도권,20170720,Series A,,,0,0,2017년 이전,16,IT
100000000.0,0,비수도권,20140605,투자 단계 비공개,100000000.0,,0,0,2017년 이전,1,IT
10000000000.0,18,수도권,20171117,투자 단계 비공개,10000000000.0,,1,1,2017년 이전,1,IT
1500000062.0,4,비수도권,20200715,투자 단계 비공개,1300000000.0,,0,0,2017년 이후,1,None IT
5700000000.0,11,수도권,20210730,Series A,5700000000.0,,0,0,2017년 이전,43,IT
4600000000.0,5,수도권,20180220,Series A,1100000000.0,,1,1,2017년 이전,37,IT
1000000000.0,7,수도권,20180619,Seed,1000000000.0,5000000000.0,0,0,2017년 이후,29,IT
800000000.0,3,수도권,20200228,Seed,800000000.0,,0,0,2017년 이후,11,IT
2050000000.0,7,수도권,20200106,Angel,300000000.0,,0,0,2017년 이후,1,IT
9999940673.0,12,수도권,20191212,투자 단계 비공개,999990241.0,,0,0,2017년 이후,8,IT
6000000000.0,9,수도권,20201207,Series A,5000000000.0,,1,1,2017년 이후,15,IT
210000000.0,3,수도권,20181224,투자 단계 비공개,10000000.0,1000000000.0,0,0,2017년 이전,1,IT
570000000.0,1,수도권,20160609,투자 단계 비공개,570000000.0,,0,0,2017년 이전,1,IT
1374000000.0,5,수도권,20150323,투자 단계 비공개,374000000.0,9302000000.0,1,1,2017년 이전,30,IT
3960000000.0,9,수도권,20190810,투자 단계 비공개,690000000.0,,1,1,2017년 이후,42,IT
4000000000.0,30,수도권,20200330,Series A,4000000000.0,,0,0,2017년 이후,24,None IT
35000000.0,1,수도권,20140601,투자 단계 비공개,35000000.0,,0,0,2017년 이전,1,IT
160701100.0,0,비수도권,20171130,투자 단계 비공개,100000000.0,,0,0,2017년 이전,4,None IT
2000000000.0,7,수도권,20191021,Series A,2000000000.0,,1,1,2017년 이전,2,IT
700000000.0,0,수도권,20150301,Seed,,,0,0,2017년 이전,16,IT
3000000000.0,9,수도권,20210426,Series A,3000000000.0,,0,0,2017년 이후,33,IT
700000000.0,5,수도권,20190628,투자 단계 비공개,200000000.0,,0,0,2017년 이후,25,IT
2700000000.0,13,비수도권,20200410,투자 단계 비공개,500000000.0,,0,0,2017년 이전,11,IT
500000000.0,4,수도권,20211105,Seed,500000000.0,,0,0,2017년 이후,24,IT
2200000000.0,8,수도권,20210409,투자 단계 비공개,600000000.0,,1,1,2017년 이후,22,None IT
400000000.0,9,수도권,20190211,투자 단계 비공개,400000000.0,,0,0,2017년 이후,17,IT
500000000.0,1,수도권,20190916,투자 단계 비공개,500000000.0,,0,0,2017년 이후,1,None IT
600000000.0,3,수도권,20190109,투자 단계 비공개,600000000.0,,0,0,2017년 이후,12,IT
1519000000.0,12,수도권,20160601,투자 단계 비공개,,,0,0,2017년 이전,29,IT
1200000000.0,1,수도권,20161124,투자 단계 비공개,1200000000.0,,0,0,2017년 이전,1,None IT
540000000.0,12,수도권,20210623,Seed,500000000.0,3300000000.0,1,1,2017년 이후,7,None IT
10700000000.0,10,수도권,20140701,투자 단계 비공개,2000000000.0,,0,0,2017년 이전,45,IT
2000000000.0,4,수도권,20160314,투자 단계 비공개,500000000.0,,0,0,2017년 이전,19,IT
11250000.0,0,수도권,20150901,투자 단계 비공개,11250000.0,,0,0,2017년 이전,1,None IT
10000000000.0,1,수도권,20201111,Series A,10000000000.0,,0,1,2017년 이후,1,IT
190000000000.0,4,수도권,20100801,투자 단계 비공개,3300000000.0,,1,1,2017년 이전,1,IT
300000000.0,6,수도권,20170901,투자 단계 비공개,300000000.0,,0,0,2017년 이전,13,IT
10600000000.0,46,수도권,20200217,Series A,,,1,1,2017년 이후,43,IT
7000000000.0,6,수도권,20150501,투자 단계 비공개,,,0,0,2017년 이전,1,IT
500000000.0,0,수도권,20150915,투자 단계 비공개,500000000.0,,1,1,2017년 이전,9,IT
1405000000.0,3,수도권,20180627,해당없음,500000000.0,,0,0,2017년 이후,10,None IT
1550040000.0,1,수도권,20210517,Seed,999000000.0,20000000000.0,0,0,2017년 이후,20,IT
5700000000.0,15,수도권,20180214,Series A,800000000.0,,0,0,2017년 이전,17,IT
1300000000.0,4,비수도권,20210524,투자 단계 비공개,300000000.0,,1,1,2017년 이후,20,IT
99990000.0,0,수도권,20140101,투자 단계 비공개,99990000.0,,0,0,2017년 이전,1,None IT
10000000000.0,1,수도권,20180131,투자 단계 비공개,10000000000.0,,0,0,2017년 이후,1,IT
200000000.0,0,비수도권,20151201,투자 단계 비공개,200000000.0,,0,0,2017년 이전,1,IT
99940000.0,1,수도권,20200120,Seed,99940000.0,2000000000.0,0,0,2017년 이후,22,IT
16000000000.0,1,수도권,20000406,투자 단계 비공개,15000000000.0,,0,0,2017년 이전,1,None IT
20000000.0,0,비수도권,20150801,투자 단계 비공개,20000000.0,,0,0,2017년 이전,1,None IT
220000000.0,0,수도권,20200601,해당없음,70000000.0,,0,0,2017년 이후,1,None IT
10000000000.0,16,수도권,20210624,투자 단계 비공개,8000000000.0,,0,0,2017년 이전,1,IT
1546170300.0,2,수도권,20191023,Seed,200010300.0,,0,0,2017년 이후,12,None IT
125000000.0,0,수도권,20140115,투자 단계 비공개,50000000.0,,0,0,2017년 이전,1,IT
200000000.0,25,수도권,20180927,투자 단계 비공개,,,0,0,2017년 이전,33,IT
4100000000.0,7,수도권,20181001,Series A,4000000000.0,,0,0,2017년 이전,1,IT
250000000.0,0,수도권,20170414,투자 단계 비공개,250000000.0,,0,0,2017년 이전,9,IT
1000000000.0,2,수도권,20150818,투자 단계 비공개,1000000000.0,,1,1,2017년 이전,12,IT
200000000.0,1,수도권,20180501,투자 단계 비공개,200000000.0,,0,0,2017년 이후,9,None IT
5880000000.0,2,수도권,20180131,Series A,5400000000.0,,1,1,2017년 이전,10,IT
2940000000.0,7,수도권,20190902,Series A,2500000000.0,,1,1,2017년 이후,23,IT
100000000.0,1,수도권,20180207,Seed,100000000.0,,0,0,2017년 이후,13,None IT
5500000000.0,3,수도권,20160801,Series A,5500000000.0,,0,0,2017년 이전,14,IT
120000000.0,7,수도권,20200805,Angel,120000000.0,2000000000.0,0,0,2017년 이후,15,IT
180000000.0,5,수도권,20180801,투자 단계 비공개,80000000.0,,0,1,2017년 이후,29,IT
1500000000.0,5,수도권,20200229,Series A,1000000000.0,,1,1,2017년 이전,1,IT
2000000000.0,1,수도권,20191118,Series A,2000000000.0,,0,0,2017년 이후,1,None IT
5500000000.0,6,수도권,20210227,투자 단계 비공개,100000000.0,,0,0,2017년 이후,13,IT
500000000.0,3,수도권,20170220,투자 단계 비공개,400000000.0,,0,0,2017년 이후,21,IT
1000000.0,0,수도권,20160728,투자 단계 비공개,1000000.0,,0,0,2017년 이후,1,None IT
1148000000.0,3,수도권,20190326,투자 단계 비공개,68000000.0,3400000000.0,0,0,2017년 이후,24,IT
700000000.0,1,수도권,20160401,투자 단계 비공개,700000000.0,,1,1,2017년 이전,14,IT
6000000000.0,8,수도권,20180905,Series A,3000000000.0,,0,0,2017년 이전,3,None IT
6150000000.0,46,수도권,20210115,투자 단계 비공개,1000000000.0,,0,0,2017년 이전,65,IT
500000000.0,5,수도권,20181019,투자 단계 비공개,,,0,0,2017년 이전,11,IT
100009000.0,14,수도권,20200601,Seed,100009000.0,1400000000.0,0,0,2017년 이후,19,IT
100000000.0,0,수도권,20160901,Angel,100000000.0,2000000000.0,1,1,2017년 이전,4,IT
430000000.0,1,수도권,20210429,Angel,200000000.0,2500000000.0,0,0,2017년 이후,1,IT
150000000.0,1,수도권,20180710,Angel,150000000.0,,0,0,2017년 이후,1,IT
1000000000.0,1,비수도권,20161130,투자 단계 비공개,100000000.0,5000000000.0,0,0,2017년 이전,1,IT
1000000000.0,2,수도권,20170309,Seed,1000000000.0,3500000000.0,0,1,2017년 이후,1,IT
330000000.0,3,수도권,20170228,Angel,30000000.0,1200000000.0,0,0,2017년 이전,23,IT
200000000.0,0,수도권,20120420,투자 단계 비공개,100000000.0,,1,1,2017년 이전,1,IT
3000000000.0,8,수도권,20170404,Seed,,,0,0,2017년 이후,9,IT
1500000000.0,3,수도권,20160104,Seed,,,1,1,2017년 이전,40,IT
2000000000.0,1,비수도권,20171101,Series A,2000000000.0,10000000000.0,0,0,2017년 이전,15,IT
8000000000.0,0,수도권,20160121,투자 단계 비공개,7000000000.0,,1,1,2017년 이전,1,IT
80000000.0,0,비수도권,20150825,Seed,80000000.0,,0,1,2017년 이전,1,IT
2500000.0,3,비수도권,20170908,투자 단계 비공개,2000000.0,,0,0,2017년 이전,10,None IT
300000000.0,2,수도권,20201125,투자 단계 비공개,300000000.0,,0,0,2017년 이후,1,IT
1700000000.0,9,수도권,20170804,투자 단계 비공개,700000000.0,,0,1,2017년 이전,1,IT
8500000000.0,14,수도권,20211127,투자 단계 비공개,,,1,1,2017년 이전,27,IT
1190000000.0,0,수도권,20150901,투자 단계 비공개,200000000.0,,0,0,2017년 이전,1,None IT
400000000.0,2,수도권,20190603,Seed,400000000.0,,0,0,2017년 이후,1,None IT
678750000.0,0,비수도권,20170629,Seed,245000000.0,3176250000.0,0,0,2017년 이전,1,None IT
2640000000.0,2,수도권,20170831,Seed,2640000000.0,,0,0,2017년 이전,30,None IT
500000000.0,10,수도권,20181107,Seed,,,0,0,2017년 이후,13,IT
500000000.0,2,비수도권,20190823,Angel,100000000.0,7000000000.0,0,0,2017년 이후,1,None IT
2650000000.0,17,수도권,20190613,Seed,150000000.0,,1,1,2017년 이후,12,IT
35000000.0,0,수도권,20130531,투자 단계 비공개,35000000.0,,0,0,2017년 이전,1,IT
200000000.0,0,비수도권,20151001,투자 단계 비공개,200000000.0,,0,0,2017년 이전,1,IT
14000000000.0,21,수도권,20190130,Series A,3000000000.0,,0,0,2017년 이전,13,IT
50000000.0,0,수도권,20160430,투자 단계 비공개,50000000.0,,0,0,2017년 이후,1,None IT
600000000.0,0,수도권,20210819,Seed,300000000.0,,0,0,2017년 이후,14,IT
2700000000.0,6,수도권,20191008,Angel,1200000000.0,,0,0,2017년 이후,29,None IT
20900000000.0,17,수도권,20180430,Series A,8000000000.0,,1,1,2017년 이후,23,IT
22500000000.0,11,수도권,20170103,Series A,3800000000.0,,1,1,2017년 이전,9,IT
3500000000.0,0,수도권,20141007,투자 단계 비공개,3500000000.0,,1,1,2017년 이전,1,IT
3100000000.0,14,수도권,20150318,투자 단계 비공개,1000000000.0,,0,1,2017년 이전,18,IT
200000000.0,0,수도권,20181201,Series A,200000000.0,4000000000.0,0,0,2017년 이후,1,IT
300000000.0,4,수도권,20181231,투자 단계 비공개,300000000.0,,1,1,2017년 이전,17,IT
1000000000.0,0,수도권,20181109,Seed,,,0,0,2017년 이전,6,None IT
600000000.0,0,수도권,20180501,Angel,,,0,0,2017년 이후,24,IT
35500000000.0,20,수도권,20170401,Seed,1000000000.0,,1,1,2017년 이후,18,IT
150000000.0,0,수도권,20150901,투자 단계 비공개,100000000.0,,0,0,2017년 이전,1,None IT
9000000.0,0,비수도권,20150801,투자 단계 비공개,5000000.0,,0,0,2017년 이전,1,None IT
1550000000.0,0,수도권,20160530,투자 단계 비공개,550000000.0,,1,0,2017년 이전,19,IT
18220000000.0,11,수도권,20160824,Series A,5400000000.0,,1,1,2017년 이전,32,IT
64300000.0,0,수도권,20140521,투자 단계 비공개,64300000.0,,0,1,2017년 이전,1,IT
1625000000.0,5,수도권,20191213,Seed,220000000.0,2100000000.0,1,1,2017년 이후,21,IT
2000000000.0,9,수도권,20210812,투자 단계 비공개,2000000000.0,,0,0,2017년 이전,1,IT
20000000.0,0,수도권,20140101,투자 단계 비공개,20000000.0,,0,0,2017년 이전,1,IT
400000000.0,2,수도권,20200618,Angel,300000000.0,2300000000.0,1,1,2017년 이후,39,IT
750000000.0,11,수도권,20191002,Seed,,,0,0,2017년 이후,37,IT
500000000.0,3,수도권,20210314,Seed,500000000.0,100.0,0,0,2017년 이후,1,None IT
350000000.0,4,수도권,20170201,투자 단계 비공개,100000000.0,,0,0,2017년 이전,7,IT
17350000000.0,0,수도권,20160719,투자 단계 비공개,5850000000.0,,0,0,2017년 이전,21,IT
14130106250.0,0,비수도권,20181231,투자 단계 비공개,100000000.0,,0,0,2017년 이전,1,None IT
600000000.0,0,수도권,20141229,투자 단계 비공개,600000000.0,,0,0,2017년 이전,3,None IT
25000000.0,1,수도권,20170330,투자 단계 비공개,10000000.0,,0,0,2017년 이후,8,IT
1600000000.0,0,수도권,20121022,투자 단계 비공개,1600000000.0,,1,1,2017년 이전,1,IT
1000000000.0,1,수도권,20190501,Seed,500000000.0,5000000000.0,1,1,2017년 이전,15,IT
500000000.0,1,수도권,20210902,Seed,500000000.0,,0,0,2017년 이전,17,IT
3200000000.0,7,수도권,20211105,Series A,3200000000.0,,0,0,2017년 이전,4,IT
4500000000.0,10,비수도권,20140709,투자 단계 비공개,4500000000.0,,0,0,2017년 이전,24,IT
2000000000.0,12,수도권,20190101,Angel,1000000000.0,,0,0,2017년 이후,7,IT
50000000.0,0,수도권,20171115,Seed,50000000.0,,0,1,2017년 이전,14,IT
2100000000.0,0,수도권,20160729,Series A,2100000000.0,,0,1,2017년 이전,1,None IT
