누적투자유치금액,기업추천수,투자금액,앱스토어 등록,구글플레이 등록,기술스택_개수,IT기업 여부,2017년 이후 설립 여부,수도권 여부,투자성공여부,누적투자유치금액_투자금액_차이,투자단계명_숫자
20000000.0,0,20000000.0,0,1,1,1,0,1,0,0.0,1
50280000000.0,71,12500000000.0,1,1,94,1,0,1,1,37780000000.0,5
200000000.0,0,2396568300.8753204,0,0,22,1,0,1,1,-2196568300.8753204,1
230000000.0,1,230000000.0,0,0,1,0,1,1,1,0.0,2
1200000000.0,2,1200000000.0,0,0,2,1,0,1,1,0.0,4
1000000000.0,2,1000000000.0,0,1,1,1,0,1,0,0.0,1
60000000.0,1,60000000.0,0,0,1,1,1,1,0,0.0,1
7500000000.0,11,2396568300.8753204,1,1,7,0,1,1,1,5103431699.12468,1
1000000000.0,6,2396568300.8753204,0,0,11,1,1,1,1,-1396568300.8753204,1
2325000000.0,28,2000000000.0,0,0,32,1,1,1,1,325000000.0,4
6600000000.0,0,3100000000.0,0,0,1,1,0,0,0,3500000000.0,1
20000000.0,0,20000000.0,0,0,1,0,0,1,0,0.0,1
5000000000.0,36,5000000000.0,0,0,20,1,0,1,1,0.0,4
83850000000.0,22,62400000000.0,0,0,68,1,0,1,1,21450000000.0,5
5000000000.0,0,5000000000.0,0,0,36,1,0,1,0,0.0,1
500000000.0,31,500000000.0,0,0,19,1,1,1,1,0.0,1
96000000.0,0,96000000.0,0,1,9,1,1,0,1,0.0,1
5000000000.0,1,5000000000.0,0,0,13,1,1,1,1,0.0,3
3750000000.0,7,300000000.0,0,1,23,1,0,1,1,3450000000.0,4
200000000.0,4,200000000.0,0,0,3,0,1,1,1,0.0,1
10000000.0,0,10000000.0,0,0,1,0,0,1,0,0.0,1
6500000000.0,37,200000000.0,1,1,22,1,0,1,0,6300000000.0,1
8000000000.0,5,8000000000.0,0,0,1,0,0,1,0,0.0,1
10300000000.0,5,9000000000.0,0,0,1,1,0,1,0,1300000000.0,1
9300000000.0,35,2000000000.0,1,1,48,1,0,1,0,7300000000.0,1
3000000000.0,12,3000000000.0,1,1,33,1,0,1,1,0.0,4
3700000000.0,4,3000000000.0,1,1,18,1,0,1,1,700000000.0,1
120000000.0,0,2396568300.8753204,0,1,25,1,0,1,0,-2276568300.8753204,3
300000000.0,6,300000000.0,0,0,45,1,1,1,1,0.0,3
200000000.0,3,200000000.0,0,0,17,0,1,0,1,0.0,2
7500000000.0,11,2000000000.0,0,0,29,1,0,1,0,5500000000.0,1
8300000000.0,22,2396568300.8753204,1,1,55,1,0,1,0,5903431699.12468,2
7750000000.0,1,2000000000.0,0,0,1,1,0,1,0,5750000000.0,4
100000000.0,0,100000000.0,0,0,24,1,0,1,0,0.0,2
310000000.0,0,250000000.0,0,0,1,1,0,1,0,60000000.0,1
4800000000.0,1,2500000000.0,0,0,1,1,0,1,0,2300000000.0,1
1000000000.0,0,1000000000.0,0,0,26,1,1,1,1,0.0,3
1500000000.0,0,1500000000.0,1,1,19,1,1,1,1,0.0,1
76400000.0,0,50000000.0,0,0,1,1,0,1,0,26400000.0,1
24000000.0,0,24000000.0,0,0,1,1,0,1,0,0.0,1
10100000000.0,10,8000000000.0,0,0,2,1,0,1,1,2100000000.0,5
1100000000.0,1,800000000.0,0,0,9,0,1,1,1,300000000.0,2
150000000.0,2,100000000.0,0,0,11,1,1,1,1,50000000.0,3
3500000000.0,2,2500000000.0,0,0,22,1,1,1,1,1000000000.0,4
1700000000.0,10,1700000000.0,0,0,17,1,0,0,0,0.0,1
930000000.0,16,30000000.0,0,0,31,1,1,1,1,900000000.0,3
120000000.0,2,20000000.0,0,0,23,1,1,1,1,100000000.0,1
2250000000.0,4,500000000.0,0,1,31,0,1,1,1,1750000000.0,1
1300000000.0,0,1000000000.0,1,1,1,1,0,1,0,300000000.0,1
18000000000.0,0,4000000000.0,0,1,1,1,0,1,0,14000000000.0,4
1799989774.0,0,300000000.0,0,0,18,0,0,0,1,1499989774.0,4
250000000.0,29,2396568300.8753204,0,0,16,1,0,1,1,-2146568300.8753204,2
10000000000.0,43,10000000000.0,1,1,35,1,0,1,1,0.0,4
1100000000.0,0,500000000.0,0,0,11,1,1,1,1,600000000.0,3
4550000000.0,0,2000000000.0,0,0,1,1,0,1,0,2550000000.0,1
150000000.0,0,30000000.0,0,0,1,1,0,1,0,120000000.0,1
2000000000.0,1,2000000000.0,1,0,13,1,0,1,0,0.0,1
2500000000.0,12,500000000.0,1,1,1,0,1,1,1,2000000000.0,1
1300000000.0,0,500000000.0,1,1,1,1,0,1,0,800000000.0,4
92713900000.0,136,70113900000.0,0,0,34,1,0,1,1,22600000000.0,1
300000000.0,6,300000000.0,0,0,17,1,1,1,1,0.0,1
42000000.0,6,30000000.0,0,0,1,0,0,1,0,12000000.0,3
1200000000.0,2,2396568300.8753204,0,0,10,1,0,1,0,-1196568300.8753204,1
650000000.0,10,650000000.0,1,1,12,1,1,0,1,0.0,1
100000000.0,7,100000000.0,1,1,12,0,1,1,1,0.0,3
950000000.0,0,300000000.0,1,1,1,1,0,0,0,650000000.0,3
110000000.0,5,2396568300.8753204,1,1,24,1,0,1,1,-2286568300.8753204,3
8200000000.0,7,200000000.0,0,0,40,0,1,1,1,8000000000.0,3
9200000000.0,4,400000000.0,0,0,30,1,0,1,0,8800000000.0,2
50000000.0,0,50000000.0,0,0,1,0,0,1,0,0.0,1
195000000.0,5,35000000.0,0,0,1,0,1,1,1,160000000.0,2
200000000.0,1,200000000.0,0,0,15,0,1,1,1,0.0,1
56500000.0,0,31500000.0,0,1,18,1,0,1,0,25000000.0,3
11000004000.0,5,2000004000.0,0,0,25,1,1,1,1,9000000000.0,4
200000000.0,1,200000000.0,0,0,1,1,1,0,1,0.0,1
2500000000.0,1,2500000000.0,0,0,1,1,0,1,0,0.0,1
635000000.0,8,286000000.0,1,1,49,1,0,0,0,349000000.0,1
1000000000.0,2,1000000000.0,0,0,14,0,1,1,1,0.0,1
4000000000.0,3,4000000000.0,0,0,1,0,0,1,1,0.0,4
3600000000.0,1,3600000000.0,1,1,23,0,1,1,1,0.0,3
400000000.0,1,300000000.0,1,1,18,0,0,1,0,100000000.0,3
9000000000.0,1,9000000000.0,0,0,1,1,0,1,0,0.0,1
1500000000.0,0,1500000000.0,1,1,1,1,0,1,0,0.0,1
7000000000.0,0,2000000000.0,0,0,1,0,0,1,1,5000000000.0,1
2500000000.0,5,2500000000.0,0,0,32,1,0,1,1,0.0,1
5000000000.0,1,5000000000.0,1,1,1,1,0,1,0,0.0,1
2580000000.0,15,2400000000.0,0,0,16,1,1,1,1,180000000.0,3
100000000000.0,1,100000000000.0,0,0,3,1,0,1,0,0.0,1
100000000.0,0,100000000.0,0,1,15,1,0,1,0,0.0,1
6440000000.0,16,500000000.0,1,1,37,1,0,1,1,5940000000.0,1
220000000.0,1,100000000.0,0,1,24,1,0,1,1,120000000.0,1
1000000000.0,6,500000000.0,1,1,16,0,1,1,1,500000000.0,3
1100000000.0,0,500000000.0,1,1,1,1,0,1,0,600000000.0,2
2000000000.0,4,2000000000.0,0,0,19,1,0,1,1,0.0,1
1700000000.0,21,100000000.0,1,1,23,1,0,1,0,1600000000.0,1
5970000000.0,6,270000000.0,0,1,33,1,0,1,0,5700000000.0,3
4500000000.0,3,3600000000.0,0,0,31,1,0,1,1,900000000.0,3
200000000.0,3,200000000.0,0,0,14,0,1,1,1,0.0,3
500000000.0,0,500000000.0,0,0,1,1,0,1,0,0.0,1
330000000.0,0,300000000.0,0,0,1,1,0,1,0,30000000.0,1
702000000.0,19,20000000.0,0,0,16,1,1,1,1,682000000.0,1
27800000000.0,4,18500000000.0,1,1,28,1,1,1,1,9300000000.0,5
9000000000.0,1,9000000000.0,0,0,1,1,0,1,0,0.0,1
50000000.0,0,50000000.0,0,0,1,0,0,0,0,0.0,1
150000000.0,2,150000000.0,0,0,1,1,0,1,1,0.0,3
150000000.0,0,150000000.0,0,0,1,1,0,1,0,0.0,1
1000000000.0,0,1000000000.0,0,0,1,1,0,1,0,0.0,3
47500000.0,3,47500000.0,0,0,25,1,0,1,1,0.0,3
542000000.0,9,80000000.0,0,0,20,1,1,1,1,462000000.0,1
7000000000.0,14,6000000000.0,1,1,53,1,0,1,0,1000000000.0,1
1500000000.0,1,1500000000.0,0,0,1,1,0,1,0,0.0,1
20000000.0,1,20000000.0,0,0,4,0,1,1,1,0.0,1
5330000000.0,25,1000000000.0,1,1,34,1,0,1,0,4330000000.0,4
500000000.0,1,500000000.0,0,0,14,1,1,1,1,0.0,3
2250000000.0,5,100000000.0,0,0,1,0,1,0,1,2150000000.0,2
700000000.0,3,2396568300.8753204,0,0,22,1,0,1,0,-1696568300.8753204,1
60000000.0,1,60000000.0,1,1,7,1,1,1,1,0.0,2
42000000.0,1,42000000.0,0,0,1,0,1,1,1,0.0,1
49200000000.0,3,31000000000.0,1,1,16,1,0,0,1,18200000000.0,5
66268844.0,0,66268844.0,0,0,1,0,1,1,1,0.0,1
1500000000.0,0,1500000000.0,0,0,1,1,0,1,0,0.0,4
67350000000.0,9,45300000000.0,0,0,25,1,0,1,1,22050000000.0,1
100000000.0,3,100000000.0,1,1,19,0,1,1,1,0.0,1
600000000.0,2,2396568300.8753204,0,0,17,1,0,0,1,-1796568300.8753204,1
40000000.0,0,40000000.0,1,1,1,0,0,1,0,0.0,2
1200000000.0,0,1000000000.0,0,0,1,1,1,1,1,200000000.0,1
4700000000.0,20,3000000000.0,0,0,20,1,0,1,1,1700000000.0,1
14000000000.0,1,10000000000.0,0,0,23,1,1,1,1,4000000000.0,5
420000000.0,4,20000000.0,0,0,1,1,0,1,1,400000000.0,2
1000000000.0,0,1000000000.0,0,1,1,1,0,1,0,0.0,1
10500000000.0,2,2396568300.8753204,0,0,16,1,0,1,0,8103431699.12468,1
170000000.0,1,170000000.0,1,1,8,1,0,1,1,0.0,4
150500000.0,1,150500000.0,0,0,7,0,1,1,1,0.0,3
1000000000.0,5,1000000000.0,0,0,30,1,0,1,0,0.0,1
1000000000.0,12,2396568300.8753204,0,1,1,1,0,1,0,-1396568300.8753204,1
8500000000.0,0,4000000000.0,0,0,1,1,0,1,0,4500000000.0,1
100000000.0,2,100000000.0,0,0,19,0,1,0,1,0.0,3
12500000000.0,4,7500000000.0,1,1,1,1,0,1,1,5000000000.0,1
800000000.0,21,800000000.0,1,1,24,1,1,1,1,0.0,4
550000000.0,2,500000000.0,0,0,13,0,1,1,1,50000000.0,3
12500000000.0,3,2396568300.8753204,1,1,1,1,0,1,0,10103431699.12468,1
1093000000.0,10,2396568300.8753204,0,0,8,1,1,1,1,-1303568300.8753204,1
3602000000.0,12,2000000000.0,1,1,23,1,0,1,0,1602000000.0,1
170000000.0,0,170000000.0,0,0,11,1,1,1,1,0.0,2
1893920000.0,4,193920000.0,0,0,21,1,1,1,1,1700000000.0,1
228200000000.0,1,36300000000.0,0,1,1,1,0,1,0,191900000000.0,1
5500019800.0,13,2396568300.8753204,0,0,17,1,0,1,1,3103451499.12468,1
3220000000.0,7,1500000000.0,0,0,1,1,0,1,0,1720000000.0,1
623195000.0,1,133195000.0,0,0,1,1,0,1,1,490000000.0,4
500000000.0,0,500000000.0,1,1,1,1,0,1,0,0.0,1
30000000.0,0,30000000.0,1,1,1,1,0,1,0,0.0,1
50000000.0,0,50000000.0,0,0,18,1,1,1,1,0.0,1
310000000.0,2,100000000.0,1,1,12,1,0,1,0,210000000.0,1
5748000000.0,1,500000000.0,1,0,19,1,1,1,1,5248000000.0,1
850000000.0,0,580000000.0,0,0,23,0,1,1,1,270000000.0,1
728000000.0,17,2396568300.8753204,0,0,49,1,0,1,1,-1668568300.8753204,3
3900000000.0,1,2500000000.0,0,0,1,1,0,1,0,1400000000.0,5
100000000.0,1,100000000.0,0,0,1,0,1,1,1,0.0,3
200000000.0,0,100000000.0,0,0,11,0,0,1,1,100000000.0,3
230000000.0,4,100000000.0,1,1,18,1,1,1,1,130000000.0,3
1000000000.0,0,1000000000.0,0,1,1,1,0,1,0,0.0,1
196000000.0,1,100000000.0,0,0,4,0,1,1,1,96000000.0,1
500000000.0,20,300000000.0,1,1,38,1,1,1,1,200000000.0,1
1500000000.0,0,1500000000.0,0,0,1,1,1,1,1,0.0,3
820000000.0,1,500000000.0,0,0,22,1,0,1,0,320000000.0,2
1110000000.0,3,250000000.0,0,0,19,1,1,1,1,860000000.0,1
620000000.0,1,80000000.0,0,0,15,0,1,1,1,540000000.0,1
127000000.0,0,127000000.0,0,0,1,0,0,0,0,0.0,1
5930000000.0,3,300000000.0,1,1,1,1,0,1,0,5630000000.0,1
3940000000.0,11,120000000.0,1,1,10,0,0,1,1,3820000000.0,2
70000000.0,2,70000000.0,1,1,19,1,0,1,1,0.0,1
500000000.0,1,500000000.0,0,0,20,1,0,1,0,0.0,1
176631000.0,3,100000000.0,0,0,8,1,1,1,1,76631000.0,4
100000000.0,2,100000000.0,0,1,11,1,1,0,1,0.0,3
1316200000.0,0,930000000.0,0,0,1,0,0,1,1,386200000.0,2
376176450.0,0,376176450.0,0,0,1,1,0,1,1,0.0,2
6000000000.0,1,6000000000.0,0,0,1,1,0,1,0,0.0,1
427000000.0,1,327000000.0,0,0,4,1,1,1,1,100000000.0,3
1300000000.0,8,2396568300.8753204,0,0,25,1,0,1,0,-1096568300.8753204,1
100000000.0,0,100000000.0,0,0,14,1,1,1,1,0.0,3
1000000000.0,0,1000000000.0,1,0,1,1,0,1,0,0.0,1
780000000.0,1,500000000.0,0,0,19,1,1,1,1,280000000.0,1
6500000000.0,1,500000000.0,1,1,1,1,0,1,1,6000000000.0,3
250000000.0,4,250000000.0,0,0,32,1,1,0,1,0.0,3
96499998.0,0,2396568300.8753204,1,1,12,1,0,1,0,-2300068302.8753204,1
4000000000.0,1,4000000000.0,0,0,24,1,1,1,1,0.0,4
144716730.0,1,100051800.0,0,0,27,1,1,1,1,44664930.0,3
5000000000.0,4,3000000000.0,0,0,25,1,0,1,0,2000000000.0,1
1040000000.0,0,20000000.0,1,1,22,1,0,1,1,1020000000.0,1
12450000000.0,4,150000000.0,0,0,1,1,0,1,1,12300000000.0,3
3300000000.0,7,3000000000.0,0,0,32,1,1,1,1,300000000.0,4
290000000.0,7,130000000.0,0,0,27,1,1,1,1,160000000.0,3
3000000000.0,10,3000000000.0,1,1,1,1,0,1,0,0.0,1
100000000.0,15,100000000.0,0,0,15,1,1,0,1,0.0,3
150000000.0,1,150000000.0,0,0,1,0,0,0,0,0.0,1
18000000000.0,1,18000000000.0,0,0,1,0,1,1,1,0.0,1
55000000.0,2,55000000.0,0,1,1,0,0,1,0,0.0,1
18500000000.0,201,13500000000.0,1,1,26,1,0,1,1,5000000000.0,5
800000000.0,0,800000000.0,1,1,20,1,0,1,0,0.0,1
3000000000.0,0,3000000000.0,1,0,5,0,1,1,1,0.0,3
5400000000.0,0,4200000000.0,0,0,1,0,0,1,0,1200000000.0,1
2000000000.0,13,2000000000.0,0,0,1,1,0,1,1,0.0,4
60000000.0,0,60000000.0,1,1,1,1,0,1,0,0.0,2
2300000000.0,1,200000000.0,0,0,5,1,0,1,1,2100000000.0,2
500000000.0,6,500000000.0,0,0,1,1,0,1,0,0.0,1
500000000.0,1,500000000.0,0,0,31,1,0,1,1,0.0,1
300000000.0,0,300000000.0,1,1,1,1,0,1,0,0.0,1
100000000.0,0,100000000.0,0,0,1,0,0,0,0,0.0,1
7500000000.0,8,3000000000.0,1,1,6,1,0,1,1,4500000000.0,5
380000000.0,0,2396568300.8753204,1,1,1,1,0,1,1,-2016568300.8753204,1
6700000000.0,1,2396568300.8753204,1,1,23,1,0,1,0,4303431699.12468,1
2100000000.0,8,500000000.0,0,0,4,1,0,1,1,1600000000.0,4
1500000000.0,5,1500000000.0,1,1,1,1,0,1,0,0.0,3
1200000000.0,9,2396568300.8753204,1,1,13,1,0,1,1,-1196568300.8753204,1
3000000000.0,0,1000000000.0,1,1,14,1,0,1,1,2000000000.0,1
2000000000.0,35,2396568300.8753204,1,1,33,1,0,1,0,-396568300.8753204,1
7694900000.0,4,200000000.0,0,0,11,1,0,1,1,7494900000.0,1
4500000000.0,0,4500000000.0,0,0,1,1,0,1,1,0.0,4
6100000000.0,10,1100000000.0,0,0,23,1,0,1,0,5000000000.0,3
1000000000.0,4,1000000000.0,0,0,19,1,0,1,0,0.0,1
700000000.0,0,350000000.0,0,0,1,1,0,1,0,350000000.0,1
146000000.0,0,46000000.0,0,0,18,0,0,1,0,100000000.0,3
1700000000.0,4,2396568300.8753204,0,0,18,0,0,0,1,-696568300.8753204,4
11850000000.0,1,7550000000.0,0,0,1,1,0,1,1,4300000000.0,5
4380000000.0,6,2396568300.8753204,0,0,17,1,0,1,0,1983431699.12468,3
120000000.0,0,120000000.0,0,0,1,1,0,1,0,0.0,3
298500000000.0,29,2396568300.8753204,1,1,48,0,0,1,1,296103431699.1247,1
2508800.0,6,512000.0,0,0,1,1,0,1,1,1996800.0,1
5000000000.0,3,3000000000.0,0,0,19,1,0,1,1,2000000000.0,4
19460000000.0,10,5000000000.0,1,1,6,1,0,1,1,14460000000.0,5
650000000.0,0,650000000.0,0,0,1,1,0,1,0,0.0,1
1500000000.0,0,1000000000.0,0,0,1,1,0,1,1,500000000.0,4
50000000.0,1,50000000.0,0,0,1,0,0,1,1,0.0,3
1600000000.0,1,1000000000.0,0,0,10,1,0,1,0,600000000.0,1
1300000000.0,2,2396568300.8753204,1,1,20,1,0,1,0,-1096568300.8753204,1
1300000000.0,1,500000000.0,0,0,1,0,0,1,0,800000000.0,4
40000000.0,5,40000000.0,0,0,1,0,1,1,1,0.0,1
100000000.0,4,100000000.0,0,1,3,1,1,1,1,0.0,2
140000000.0,2,100000000.0,0,1,19,1,0,1,0,40000000.0,1
422000000.0,3,30000000.0,0,1,29,1,1,1,1,392000000.0,1
500000000.0,6,2396568300.8753204,0,0,14,0,1,1,1,-1896568300.8753204,3
200000000.0,1,200000000.0,1,1,1,1,0,1,0,0.0,1
590000000.0,23,100000000.0,0,0,33,1,0,1,0,490000000.0,1
100000000.0,1,2396568300.8753204,0,0,18,1,0,1,1,-2296568300.8753204,1
2300000000.0,9,2396568300.8753204,0,0,1,1,0,1,1,-96568300.87532043,2
2000000000.0,0,2000000000.0,0,0,1,1,0,1,0,0.0,1
50000000.0,1,50000000.0,0,0,1,1,0,1,0,0.0,1
2000000000.0,1,2000000000.0,1,1,14,1,0,1,0,0.0,4
300000000.0,0,300000000.0,0,1,1,1,0,1,0,0.0,1
1200000000.0,3,1200000000.0,0,0,15,1,1,1,1,0.0,1
1400000000.0,2,2396568300.8753204,1,1,20,1,0,1,1,-996568300.8753204,3
500000000.0,0,500000000.0,0,0,1,0,0,0,1,0.0,1
249999999.0,0,249999999.0,0,0,1,0,1,1,1,0.0,1
8000000000.0,9,6000000000.0,0,0,9,1,0,1,1,2000000000.0,4
850000000.0,6,350000000.0,0,0,21,1,0,1,1,500000000.0,3
800000000.0,36,2396568300.8753204,0,0,52,1,1,1,1,-1596568300.8753204,1
17500000000.0,8,5000000000.0,1,1,3,1,0,0,0,12500000000.0,1
500000000.0,2,500000000.0,0,0,48,1,0,1,1,0.0,1
750000000.0,0,750000000.0,0,0,27,1,0,1,0,0.0,4
1072000000.0,2,376000000.0,1,1,1,1,1,1,1,696000000.0,1
700000000.0,1,500000000.0,0,0,18,1,1,1,1,200000000.0,2
10000000000.0,39,10000000000.0,0,0,23,1,0,1,1,0.0,5
40800000000.0,21,2400000000.0,0,0,16,1,1,1,1,38400000000.0,3
1560000000.0,5,2396568300.8753204,1,1,18,0,1,1,1,-836568300.8753204,3
26880000000.0,25,13000000000.0,0,0,47,1,0,1,1,13880000000.0,5
6900000000.0,17,5000000000.0,0,0,24,1,0,1,1,1900000000.0,4
2000000000.0,0,1000000000.0,0,0,14,0,0,1,1,1000000000.0,4
14000000000.0,41,2500000000.0,0,0,39,0,0,1,1,11500000000.0,4
10002125.0,8,10002125.0,1,1,13,1,1,1,1,0.0,1
3000000000.0,11,3000000000.0,1,1,27,1,0,1,1,0.0,1
2500000000.0,6,2500000000.0,1,1,42,1,0,1,0,0.0,1
414000000.0,0,120000000.0,0,0,1,1,0,0,0,294000000.0,1
530000000.0,3,30000000.0,0,0,14,1,1,1,1,500000000.0,3
300000000.0,0,300000000.0,0,0,1,1,0,1,0,0.0,2
100000000.0,8,100000000.0,0,0,17,1,1,1,1,0.0,3
2000000000.0,11,2000000000.0,0,1,20,1,1,1,1,0.0,4
1459000000.0,6,15000000.0,1,1,24,1,0,1,1,1444000000.0,1
144800000.0,0,35000000.0,0,0,1,0,1,1,1,109800000.0,2
100000000.0,0,100000000.0,1,1,1,0,1,1,1,0.0,2
1200000000.0,6,2396568300.8753204,0,0,11,0,1,1,1,-1196568300.8753204,3
5800000000.0,0,1500000000.0,0,0,1,1,0,1,0,4300000000.0,4
50000000.0,0,50000000.0,0,1,1,1,0,1,0,0.0,3
8800000000.0,18,7000000000.0,1,1,31,1,1,1,1,1800000000.0,4
3800000000.0,16,2800000000.0,1,1,29,1,1,1,1,1000000000.0,4
6914000000.0,10,5400000000.0,0,0,26,1,1,1,1,1514000000.0,1
56000000.0,1,56000000.0,0,0,3,0,1,1,1,0.0,1
50000000.0,0,50000000.0,0,0,11,1,1,1,1,0.0,1
400000000.0,0,300000000.0,1,1,14,1,0,1,0,100000000.0,1
568160000.0,9,2396568300.8753204,0,0,10,0,0,1,1,-1828408300.8753204,1
2000000000.0,3,1000000000.0,0,0,23,1,0,1,1,1000000000.0,4
10000000.0,10,10000000.0,0,0,9,1,1,1,1,0.0,4
100000000.0,1,100000000.0,0,0,1,1,1,1,1,0.0,3
78000000.0,2,63000000.0,0,0,27,1,1,1,1,15000000.0,3
200000000.0,0,200000000.0,1,1,10,1,0,1,0,0.0,3
10420000000.0,22,100000000.0,0,0,5,1,0,1,0,10320000000.0,1
1000000000.0,0,1000000000.0,0,0,1,0,1,1,1,0.0,1
4500000000.0,9,4500000000.0,1,1,14,1,1,1,1,0.0,4
800000000.0,9,700000000.0,1,1,15,1,1,1,1,100000000.0,1
60000000.0,0,60000000.0,0,0,1,1,1,1,0,0.0,3
1000000000.0,6,2396568300.8753204,1,1,10,1,1,1,1,-1396568300.8753204,2
1000000000.0,6,1000000000.0,1,1,27,1,0,1,0,0.0,1
40000000.0,0,20000000.0,0,1,1,1,0,1,0,20000000.0,1
5000000.0,0,5000000.0,0,0,1,0,0,1,0,0.0,1
2800000000.0,23,1800000000.0,1,1,15,1,1,1,1,1000000000.0,1
1711801520.0,13,19858000.0,0,0,34,1,0,1,1,1691943520.0,1
200000000.0,1,200000000.0,0,0,1,1,0,1,0,0.0,1
300000000.0,5,300000000.0,1,1,25,1,1,1,1,0.0,3
8300000000.0,5,2000000000.0,0,0,22,1,0,1,1,6300000000.0,5
20000000.0,0,20000000.0,0,1,1,1,0,1,0,0.0,1
2150000000.0,4,100000000.0,1,1,13,1,0,1,1,2050000000.0,1
100000000.0,0,100000000.0,0,0,1,1,0,0,0,0.0,1
1800000000.0,0,300000000.0,0,0,1,0,0,1,0,1500000000.0,4
500000000.0,2,200000000.0,0,0,16,1,1,1,1,300000000.0,2
1470000000.0,1,1440000000.0,0,0,17,0,0,1,0,30000000.0,1
4250000000.0,5,2396568300.8753204,1,1,19,1,1,1,1,1853431699.12468,4
200000000.0,0,100000000.0,1,1,1,1,0,1,0,100000000.0,1
145000000.0,2,50000000.0,0,0,1,1,1,1,1,95000000.0,3
1800000000.0,1,1800000000.0,0,0,13,1,0,1,0,0.0,1
3100000000.0,0,2600000000.0,1,1,1,1,0,1,0,500000000.0,1
14500000000.0,0,6000000000.0,1,1,1,1,0,1,1,8500000000.0,4
20000000.0,0,20000000.0,0,0,1,0,0,0,0,0.0,1
79995025.0,1,79995025.0,0,0,14,1,1,1,1,0.0,2
100000000.0,0,100000000.0,0,0,1,0,0,0,0,0.0,1
10000000000.0,15,800000000.0,1,1,7,0,0,1,0,9200000000.0,1
2000000000.0,1,2000000000.0,0,0,6,1,1,1,1,0.0,4
100000000.0,0,100000000.0,0,0,1,1,0,1,0,0.0,3
3360000000.0,5,2396568300.8753204,1,1,6,1,0,1,0,963431699.1246796,1
13460000000.0,4,590000000.0,1,1,62,1,0,1,0,12870000000.0,1
500000000.0,0,500000000.0,0,0,1,0,0,1,0,0.0,1
100000000.0,0,100000000.0,0,0,12,1,0,1,0,0.0,1
5400000000.0,4,4500000000.0,0,0,26,1,1,1,1,900000000.0,4
6800000000.0,3,900000000.0,0,0,10,1,0,1,0,5900000000.0,1
2020000000.0,0,1450000000.0,0,0,5,0,0,1,0,570000000.0,1
900000000.0,10,400000000.0,0,0,10,1,0,1,0,500000000.0,1
4000000000.0,0,4000000000.0,0,0,1,1,0,1,0,0.0,1
39858000.0,1,39858000.0,0,0,9,1,1,1,1,0.0,3
1250000000.0,0,1250000000.0,1,1,18,0,1,1,1,0.0,3
30000000000.0,0,5000000000.0,0,0,1,1,0,1,0,25000000000.0,1
500000000.0,0,500000000.0,0,0,3,0,0,1,0,0.0,1
60000000.0,6,2396568300.8753204,1,1,1,1,1,1,1,-2336568300.8753204,1
255000000.0,4,255000000.0,0,0,19,1,1,1,1,0.0,3
140000000.0,2,100000000.0,1,1,1,1,1,0,1,40000000.0,1
280000000.0,0,50000000.0,1,1,1,1,0,1,0,230000000.0,1
700000000.0,0,700000000.0,0,1,31,1,0,1,0,0.0,1
5600000000.0,3,600000000.0,1,1,7,0,0,1,0,5000000000.0,1
300000000.0,3,300000000.0,0,0,40,1,0,0,1,0.0,2
1000000000.0,1,1000000000.0,0,0,1,1,0,1,0,0.0,1
100000000.0,0,100000000.0,0,0,17,1,0,1,0,0.0,3
180000000.0,0,100000000.0,0,0,1,1,0,1,0,80000000.0,3
2000000000.0,22,2000000000.0,0,0,5,0,1,1,1,0.0,1
750000000.0,9,150000000.0,1,1,42,1,1,1,1,600000000.0,4
100000000.0,0,100000000.0,0,0,16,1,1,1,1,0.0,2
2000000000.0,12,2000000000.0,1,1,14,0,1,1,1,0.0,1
4960000000.0,21,60000000.0,0,1,26,1,1,1,1,4900000000.0,2
300000000.0,0,300000000.0,0,0,1,0,1,1,1,0.0,1
3000000000.0,14,2396568300.8753204,0,0,12,1,0,0,1,603431699.1246796,1
1600000000.0,2,2396568300.8753204,1,1,24,1,0,1,1,-796568300.8753204,1
300000000.0,10,300000000.0,0,0,23,1,1,1,1,0.0,3
2600000000.0,0,2600000000.0,0,0,11,0,1,0,1,0.0,8
300000000.0,0,300000000.0,0,0,1,1,0,1,0,0.0,1
3650000000.0,20,3500000000.0,0,0,25,1,1,1,1,150000000.0,1
50000000.0,0,50000000.0,1,1,25,1,1,1,1,0.0,1
200000000.0,0,50000000.0,0,0,1,1,0,1,0,150000000.0,1
1200000000.0,0,1200000000.0,1,1,1,1,0,1,0,0.0,4
16300000000.0,6,1000000000.0,1,1,1,1,0,1,0,15300000000.0,1
1000000.0,44,1000000.0,0,0,1,1,0,1,1,0.0,1
80000000.0,0,2000000.0,0,0,8,0,0,1,0,78000000.0,1
74000000000.0,32,12000000000.0,0,0,1,0,0,1,1,62000000000.0,1
3600000000.0,8,3000000000.0,0,0,19,1,0,1,1,600000000.0,4
50000000.0,4,50000000.0,0,0,37,1,1,1,1,0.0,3
48960000.0,4,48960000.0,1,1,24,1,1,1,1,0.0,3
4000000000.0,21,2396568300.8753204,0,1,17,1,1,1,1,1603431699.1246796,2
46000000000.0,86,2396568300.8753204,1,1,26,1,0,1,0,43603431699.12468,2
100000000.0,5,90000000.0,0,0,19,1,1,1,1,10000000.0,1
16700000000.0,2,2700000000.0,1,1,1,1,1,1,1,14000000000.0,1
5000000000.0,4,5000000000.0,1,1,21,1,0,1,1,0.0,4
500000000.0,8,2396568300.8753204,0,0,21,1,1,1,1,-1896568300.8753204,2
330000000.0,1,300000000.0,0,0,19,1,1,1,1,30000000.0,3
200000000.0,3,200000000.0,0,0,17,1,1,1,1,0.0,3
500000000.0,8,500000000.0,0,0,10,0,1,1,1,0.0,4
492850000.0,2,142850000.0,1,1,9,1,1,1,1,350000000.0,1
2860000000.0,13,55000000.0,0,0,27,1,0,1,1,2805000000.0,1
2000000000.0,2,2000000000.0,1,1,22,0,0,1,1,0.0,4
2000000000.0,0,2000000000.0,0,0,1,0,0,1,0,0.0,1
3900000000.0,29,2396568300.8753204,1,1,20,1,0,1,0,1503431699.1246796,1
3900000000.0,16,200000000.0,1,1,30,1,0,0,0,3700000000.0,1
6000000000.0,5,2396568300.8753204,1,1,22,1,0,1,1,3603431699.12468,1
310000000.0,6,310000000.0,0,0,13,1,1,0,1,0.0,3
1000000000.0,8,1000000000.0,0,0,13,1,1,1,1,0.0,3
3300000000.0,2,3300000000.0,0,0,33,1,0,1,1,0.0,4
1980000.0,0,1875000.0,1,1,1,1,0,1,1,105000.0,1
540000000.0,4,400000000.0,0,0,1,0,1,1,1,140000000.0,1
50050000000.0,0,50000000000.0,0,0,1,1,0,1,0,50000000.0,8
14100000000.0,10,60000000.0,1,1,30,1,1,1,1,14040000000.0,3
9500000000.0,10,2000000000.0,1,1,1,1,0,1,0,7500000000.0,1
3100000000.0,11,1450000000.0,0,0,24,1,1,1,1,1650000000.0,1
50000000.0,8,2396568300.8753204,0,0,8,1,1,1,1,-2346568300.8753204,1
22100000000.0,17,19000000000.0,1,1,27,1,0,1,1,3100000000.0,1
710000000.0,0,500000000.0,1,1,1,1,0,1,0,210000000.0,1
67000000000.0,17,67000000000.0,0,0,1,1,0,1,1,0.0,6
1700000000.0,4,1700000000.0,1,1,7,0,1,1,1,0.0,3
360000000.0,1,2396568300.8753204,0,0,8,1,1,1,1,-2036568300.8753204,3
2000000000.0,0,2000000000.0,0,0,1,1,1,1,0,0.0,1
150029376.0,2,120013576.0,0,0,12,0,1,1,1,30015800.0,1
40000000.0,1,40000000.0,0,0,1,1,0,1,0,0.0,1
12700000000.0,4,2000000000.0,0,0,22,1,0,1,1,10700000000.0,4
14100000000.0,24,12500000000.0,0,0,21,1,1,1,1,1600000000.0,4
1920000000.0,11,1920000000.0,0,0,14,0,1,0,1,0.0,3
1900000000.0,16,1500000000.0,0,0,9,0,1,1,1,400000000.0,1
6300000000.0,10,6300000000.0,0,0,6,1,0,1,1,0.0,1
500000000.0,0,500000000.0,0,0,1,0,0,1,0,0.0,1
1100000000.0,28,1100000000.0,0,0,1,1,0,1,1,0.0,1
30000000.0,0,30000000.0,0,0,1,1,0,1,0,0.0,1
53300000000.0,8,14300000000.0,1,1,40,1,0,1,1,39000000000.0,5
1363500000.0,10,10000000.0,0,0,22,1,1,1,1,1353500000.0,1
1000000000.0,22,2396568300.8753204,1,1,35,0,0,1,1,-1396568300.8753204,1
3800000000.0,1,800000000.0,0,0,26,1,1,1,1,3000000000.0,4
5640000000.0,5,5640000000.0,0,0,13,1,1,1,1,0.0,3
100000000.0,0,100000000.0,0,0,13,1,0,1,0,0.0,1
1500000000.0,0,2396568300.8753204,1,1,31,1,0,1,0,-896568300.8753204,3
9380000000.0,5,6000000000.0,0,0,12,1,0,1,1,3380000000.0,5
7000000.0,2,1000000.0,0,0,15,1,0,1,0,6000000.0,1
500000000.0,40,2396568300.8753204,0,0,32,1,1,1,1,-1896568300.8753204,1
500000000.0,5,500000000.0,1,1,13,0,1,1,1,0.0,3
10400327540.0,0,5200000000.0,0,0,1,1,0,1,0,5200327540.0,1
500000000.0,11,500000000.0,1,1,26,1,1,1,1,0.0,3
4000000000.0,6,4000000000.0,0,0,1,0,1,1,1,0.0,4
50000000.0,0,10000000.0,1,1,1,1,0,1,0,40000000.0,2
18600000000.0,5,3000000000.0,1,1,1,1,0,1,0,15600000000.0,4
200000000.0,15,50000000.0,0,0,11,0,1,1,1,150000000.0,1
300000000.0,0,300000000.0,0,0,10,1,1,1,1,0.0,3
705000000.0,3,155000000.0,0,0,24,0,1,1,1,550000000.0,2
420000000.0,2,200000000.0,1,1,15,1,0,1,0,220000000.0,2
1000000000.0,2,1000000000.0,1,0,12,1,1,1,1,0.0,3
197000000.0,0,28000000.0,1,1,26,1,0,1,0,169000000.0,3
997000000.0,5,900000000.0,0,0,23,1,1,1,1,97000000.0,3
1000000000.0,4,2396568300.8753204,0,0,29,1,1,1,1,-1396568300.8753204,1
500000000.0,5,200000000.0,0,0,1,0,1,1,1,300000000.0,3
50000000.0,7,2396568300.8753204,0,0,16,1,1,1,1,-2346568300.8753204,1
3300000000.0,3,1300000000.0,1,0,65,1,0,1,0,2000000000.0,3
3000000000.0,1,3000000000.0,1,1,1,0,1,1,1,0.0,1
68000000.0,7,68000000.0,0,0,9,1,1,1,1,0.0,1
1520000000.0,1,500000000.0,0,0,4,1,0,1,1,1020000000.0,1
100000000.0,1,100000000.0,0,0,1,0,1,1,1,0.0,3
1800000000.0,4,1500000000.0,1,0,12,1,1,1,1,300000000.0,1
500000000.0,4,2396568300.8753204,1,1,1,0,1,1,1,-1896568300.8753204,3
299999997.0,0,150000000.0,0,0,3,0,0,1,1,149999997.0,1
749986372.0,9,100017905.0,0,0,10,1,0,0,1,649968467.0,1
4000000000.0,0,1000000000.0,0,0,12,1,0,1,0,3000000000.0,1
520000000.0,1,150000000.0,0,0,14,1,1,1,1,370000000.0,1
10000000.0,0,10000000.0,0,0,1,0,0,1,0,0.0,1
900000000.0,0,2396568300.8753204,1,1,1,1,0,1,0,-1496568300.8753204,1
50000000.0,0,50000000.0,0,0,1,1,0,1,0,0.0,1
13110000000.0,269,12000000000.0,1,1,19,1,0,1,1,1110000000.0,4
2066241633.0,0,100000000.0,1,1,3,1,0,1,0,1966241633.0,1
3000000000.0,17,3000000000.0,0,0,1,0,0,1,0,0.0,1
5000000000.0,9,5000000000.0,0,0,44,1,1,1,1,0.0,4
2910000000.0,40,60000000.0,0,0,25,1,1,1,1,2850000000.0,1
500000000.0,2,500000000.0,1,1,8,1,1,1,1,0.0,1
7700000000.0,12,6000000000.0,0,0,13,1,1,1,1,1700000000.0,4
20000000.0,0,10000000.0,0,1,1,1,0,1,0,10000000.0,1
2100000000.0,0,400000000.0,0,0,18,1,0,1,0,1700000000.0,2
2600000000.0,67,2396568300.8753204,1,1,23,0,0,1,1,203431699.1246796,3
6400000000.0,2,5000000000.0,0,0,24,1,0,1,1,1400000000.0,4
120000000.0,13,120000000.0,0,0,1,0,1,1,1,0.0,2
180000000.0,0,80000000.0,0,0,1,1,0,1,0,100000000.0,1
1900000000.0,0,1600000000.0,0,0,1,1,0,1,1,300000000.0,4
10000000.0,0,10000000.0,0,0,10,1,0,1,1,0.0,1
220000000.0,0,100000000.0,0,0,27,0,1,1,1,120000000.0,1
8000000000.0,5,8000000000.0,1,1,34,1,0,1,1,0.0,1
15000000000.0,4,15000000000.0,0,0,35,1,0,1,1,0.0,4
9500000000.0,9,2800000000.0,0,1,54,1,0,1,1,6700000000.0,1
5900000000.0,2,900000000.0,0,0,9,0,0,1,0,5000000000.0,4
90000000.0,0,40000000.0,0,1,1,0,0,0,0,50000000.0,1
2000000000.0,1,2000000000.0,1,1,1,1,0,1,0,0.0,1
1000000000.0,2,1000000000.0,0,0,14,1,1,1,1,0.0,3
10000000000.0,5,3000000000.0,1,1,33,1,0,1,0,7000000000.0,1
350000000.0,6,200000000.0,0,0,6,1,1,1,1,150000000.0,3
1860000000.0,1,1560000000.0,0,0,1,1,0,1,0,300000000.0,1
2500000000.0,0,1000000000.0,0,0,1,1,0,1,0,1500000000.0,1
10000000.0,0,10000000.0,0,0,1,1,0,0,0,0.0,1
100000000.0,1,100000000.0,0,0,1,0,0,1,0,0.0,1
200000000.0,13,2396568300.8753204,0,0,27,0,1,1,1,-2196568300.8753204,1
2500000000.0,0,2500000000.0,0,0,1,1,0,1,0,0.0,1
16400000000.0,4,2000000000.0,0,0,9,1,0,1,1,14400000000.0,4
2000000000.0,1,2000000000.0,0,0,13,0,0,1,0,0.0,4
100000000.0,1,100000000.0,0,0,1,1,0,1,0,0.0,1
2450000000.0,0,400000000.0,0,0,1,1,0,1,0,2050000000.0,1
300000000.0,2,300000000.0,1,0,2,1,1,1,1,0.0,1
180000000.0,0,180000000.0,0,0,1,1,0,1,0,0.0,1
106700000000.0,7,2396568300.8753204,0,0,1,1,0,1,1,104303431699.12468,5
700000000.0,1,500000000.0,0,0,18,1,1,1,1,200000000.0,3
522000000.0,0,52000000.0,1,1,1,0,0,1,1,470000000.0,3
1050000000.0,1,50000000.0,0,0,1,1,0,1,0,1000000000.0,3
50000000.0,3,50000000.0,0,0,15,0,1,1,1,0.0,3
5150000000.0,34,4300000000.0,1,1,1,1,0,1,1,850000000.0,1
1800000000.0,0,1000000000.0,0,0,7,1,0,1,0,800000000.0,3
200000000.0,0,100000000.0,0,0,1,1,1,1,1,100000000.0,2
500000000.0,14,500000000.0,0,0,19,0,1,1,1,0.0,1
750000000.0,1,50000000.0,0,0,1,1,0,1,0,700000000.0,1
200000000.0,0,200000000.0,0,0,16,1,0,1,1,0.0,2
153500000.0,1,28000000.0,0,0,1,1,0,1,0,125500000.0,2
470000000.0,0,470000000.0,1,1,1,1,0,1,0,0.0,1
6200000000.0,25,1000000000.0,0,0,37,1,1,1,1,5200000000.0,1
100000000.0,0,100000000.0,0,0,1,1,0,1,0,0.0,1
1300000000.0,0,1000000000.0,0,0,1,1,0,1,0,300000000.0,1
500000000.0,2,500000000.0,0,0,9,1,0,1,1,0.0,1
1300000000.0,5,300000000.0,1,1,18,1,0,1,1,1000000000.0,3
800000000.0,0,300000000.0,1,1,21,1,0,1,1,500000000.0,3
535000000.0,1,200000000.0,0,1,1,1,0,1,0,335000000.0,1
10000000000.0,1,2396568300.8753204,1,1,41,1,0,1,0,7603431699.12468,1
3000000000.0,2,1000000000.0,0,0,1,1,1,1,1,2000000000.0,3
1800000000.0,7,100000000.0,0,0,1,1,0,1,1,1700000000.0,1
25000000.0,2,25000000.0,0,0,14,0,1,1,1,0.0,1
2100000000.0,0,2100000000.0,0,0,1,1,0,1,0,0.0,3
3750000000.0,3,2750000000.0,0,0,1,0,0,1,1,1000000000.0,4
61000000.0,0,41000000.0,0,0,1,1,1,1,1,20000000.0,1
12000000000.0,2,7000000000.0,0,0,12,1,0,1,1,5000000000.0,5
66360000000.0,42,41400000000.0,1,1,24,1,0,1,1,24960000000.0,1
19800000000.0,6,12000000000.0,1,1,1,1,0,1,0,7800000000.0,4
4180000000.0,6,280000000.0,0,1,17,1,1,1,1,3900000000.0,1
100000000.0,0,100000000.0,0,0,53,1,0,1,0,0.0,2
1900000000.0,1,1400000000.0,0,0,5,1,0,1,0,500000000.0,5
680000000.0,2,2396568300.8753204,1,1,18,1,0,1,0,-1716568300.8753204,2
400000000.0,3,100000000.0,1,1,26,0,0,1,1,300000000.0,3
70000000.0,2,70000000.0,0,0,16,1,1,1,1,0.0,3
1400000000.0,13,400000000.0,1,1,5,1,0,1,0,1000000000.0,1
760000000.0,7,80000000.0,1,1,11,1,1,1,1,680000000.0,2
429000000.0,0,100000000.0,0,0,1,1,0,1,0,329000000.0,1
500000000.0,0,500000000.0,1,1,32,1,1,1,1,0.0,3
9000000000.0,2,9000000000.0,1,1,1,1,0,1,0,0.0,1
10000000.0,0,10000000.0,0,0,1,0,0,1,0,0.0,1
19500000000.0,2,5200000000.0,0,0,4,0,0,1,1,14300000000.0,4
5561000000.0,2,561000000.0,1,1,1,1,0,1,1,5000000000.0,1
30000000.0,0,30000000.0,0,0,1,1,0,1,0,0.0,1
300000000.0,4,300000000.0,0,0,1,0,0,1,1,0.0,1
300000000.0,0,300000000.0,0,0,1,1,0,1,0,0.0,3
2000000000.0,22,200000000.0,1,1,27,1,1,1,1,1800000000.0,1
920000000.0,0,300000000.0,0,0,1,1,0,1,0,620000000.0,1
1000000000.0,2,1000000000.0,0,0,9,1,1,1,1,0.0,3
109800000.0,0,19950000.0,0,0,1,1,0,0,0,89850000.0,1
9000.0,1,5000.0,0,0,1,1,0,1,0,4000.0,2
600000000.0,10,500000000.0,1,1,28,1,0,1,1,100000000.0,1
1410000000.0,4,62000000.0,0,0,34,1,0,1,0,1348000000.0,1
19000000000.0,3,6000000000.0,0,0,18,1,0,1,1,13000000000.0,4
1600000000.0,1,1000000000.0,0,0,21,1,0,1,0,600000000.0,2
274991404.0,8,90000000.0,0,0,1,1,0,1,0,184991404.0,3
7000000000.0,8,2000000000.0,0,0,16,1,0,1,0,5000000000.0,1
3509000000.0,0,9000000.0,0,0,1,0,1,0,1,3500000000.0,1
1660000000.0,3,30000000.0,0,0,17,0,0,1,0,1630000000.0,1
2600000000.0,6,500000000.0,0,0,1,0,0,1,1,2100000000.0,3
8920000000.0,6,500000000.0,1,1,1,1,0,1,1,8420000000.0,1
20000000.0,1,20000000.0,0,0,3,0,0,1,0,0.0,1
150000000.0,3,150000000.0,0,0,1,0,1,0,1,0.0,3
1516000000.0,0,300000000.0,0,0,1,1,0,1,0,1216000000.0,2
120000000.0,3,100000000.0,0,0,15,1,1,1,1,20000000.0,1
2000000000.0,1,1000000000.0,1,1,11,1,0,1,1,1000000000.0,4
150000000.0,0,150000000.0,0,0,26,1,1,0,1,0.0,1
1000000000.0,0,1000000000.0,0,1,1,1,0,1,0,0.0,1
6270000000.0,2,100000000.0,1,1,1,1,0,1,0,6170000000.0,1
243653000.0,4,2396568300.8753204,0,0,22,1,1,0,1,-2152915300.8753204,3
106000000000.0,29,99000000000.0,1,1,26,1,0,1,1,7000000000.0,5
500000000.0,18,2396568300.8753204,0,0,1,0,1,1,1,-1896568300.8753204,3
500000000.0,20,100000000.0,0,0,19,0,1,1,1,400000000.0,3
800000000.0,0,800000000.0,0,0,1,0,1,1,1,0.0,1
500000000.0,6,500000000.0,0,0,19,0,0,1,1,0.0,3
100000000.0,1,2396568300.8753204,0,0,21,1,0,1,0,-2296568300.8753204,1
100000000.0,2,100000000.0,0,0,15,1,1,1,1,0.0,3
350224000.0,0,150096000.0,0,0,5,1,1,1,1,200128000.0,1
1500000000.0,0,1500000000.0,1,1,1,1,0,1,0,0.0,1
3000000000.0,2,500000000.0,1,1,10,1,0,1,1,2500000000.0,1
4500000000.0,9,3500000000.0,1,1,19,1,0,1,0,1000000000.0,1
120000000.0,1,120000000.0,1,1,14,0,1,1,1,0.0,1
450000000.0,2,450000000.0,0,0,1,1,0,1,0,0.0,2
10000000000.0,1,10000000000.0,0,0,3,0,0,1,1,0.0,1
400000000.0,1,200000000.0,0,0,11,1,1,1,1,200000000.0,2
1000000000.0,0,500000000.0,0,0,1,1,0,1,0,500000000.0,1
2799999998.0,5,1999999998.0,0,0,1,1,1,1,1,800000000.0,1
51600000.0,0,600000.0,0,0,7,0,1,1,1,51000000.0,1
2300000000.0,0,200000000.0,0,0,18,1,0,1,0,2100000000.0,3
115800000000.0,14,36000000000.0,1,1,1,1,1,1,1,79800000000.0,5
5000000000.0,2,5000000000.0,0,0,19,1,1,1,1,0.0,1
3500000000.0,0,3500000000.0,1,1,1,1,0,1,0,0.0,1
300000000.0,1,300000000.0,1,1,1,1,0,1,0,0.0,1
80000000.0,0,80000000.0,0,0,1,0,1,1,1,0.0,1
1839999999.0,16,39999999.0,0,0,1,0,1,0,1,1800000000.0,3
1700000000.0,11,1700000000.0,0,0,14,0,1,1,1,0.0,3
100000000.0,2,100000000.0,0,0,1,1,0,1,1,0.0,3
20000000.0,2,20000000.0,0,0,7,1,0,1,0,0.0,3
1800000000.0,12,1200000000.0,0,0,9,0,1,1,1,600000000.0,3
50000000.0,0,50000000.0,0,0,22,1,1,1,1,0.0,1
1500000000.0,16,1500000000.0,1,1,60,1,0,1,0,0.0,1
1000000000.0,4,1000000000.0,1,1,1,1,0,1,1,0.0,3
600000000.0,17,600000000.0,0,1,46,1,1,1,1,0.0,1
21000000000.0,0,6000000000.0,1,1,27,1,0,1,0,15000000000.0,1
1850000000.0,1,2396568300.8753204,0,0,18,1,0,1,1,-546568300.8753204,5
2700000000.0,11,1500000000.0,0,0,17,1,0,1,1,1200000000.0,1
100000000.0,0,100000000.0,0,0,1,0,0,1,0,0.0,1
2000000000.0,0,2000000000.0,1,0,1,1,0,1,0,0.0,1
850000000.0,9,500000000.0,0,0,1,1,1,1,1,350000000.0,1
70000000.0,2,50000000.0,0,0,17,1,0,0,0,20000000.0,3
10000000000.0,0,10000000000.0,0,0,15,1,1,1,0,0.0,1
600000000.0,3,500000000.0,0,0,20,1,1,1,1,100000000.0,2
600000000.0,1,2396568300.8753204,1,1,18,1,1,1,1,-1796568300.8753204,4
4600000000.0,0,2396568300.8753204,0,0,31,1,0,1,0,2203431699.12468,1
950000000.0,1,450000000.0,0,1,1,1,0,1,0,500000000.0,1
3800000000.0,9,3800000000.0,0,0,21,1,0,1,1,0.0,5
13500000000.0,71,10500000000.0,1,1,23,1,0,1,1,3000000000.0,5
2500000000.0,0,2396568300.8753204,1,1,10,1,0,1,1,103431699.12467957,5
220000000.0,0,40000000.0,1,1,1,1,0,1,0,180000000.0,1
70000000.0,1,2396568300.8753204,0,0,1,1,0,1,1,-2326568300.8753204,3
590000000.0,1,590000000.0,0,0,9,0,0,0,1,0.0,1
600000000.0,1,600000000.0,0,0,38,1,1,1,1,0.0,3
4350000000.0,1,400000000.0,0,0,1,0,1,1,1,3950000000.0,1
3500000000.0,0,3000000000.0,0,0,14,1,1,1,1,500000000.0,4
8200000000.0,7,200000000.0,0,0,32,1,1,0,1,8000000000.0,3
300022800.0,16,300022800.0,0,0,26,1,0,1,1,0.0,3
137000000.0,0,87000000.0,1,1,7,1,0,1,1,50000000.0,2
3000000000.0,3,1500000000.0,0,0,14,1,1,1,1,1500000000.0,1
72000000.0,15,72000000.0,1,1,58,1,0,1,1,0.0,3
600000000.0,0,100000000.0,0,1,12,1,0,1,0,500000000.0,3
64000000.0,1,64000000.0,0,1,2,0,1,1,1,0.0,1
300000000.0,4,300000000.0,0,0,22,1,1,1,1,0.0,1
400000000.0,0,400000000.0,1,0,1,1,0,1,0,0.0,1
146300000000.0,17,57000000000.0,0,0,1,1,0,1,0,89300000000.0,1
1000000000.0,1,1000000000.0,0,1,1,1,0,1,0,0.0,1
12290000000.0,4,11000000000.0,0,0,18,0,1,1,1,1290000000.0,4
8800000000.0,30,500000000.0,0,0,31,0,0,1,0,8300000000.0,3
13700000000.0,20,2700000000.0,1,1,26,1,0,1,1,11000000000.0,4
1500000000.0,0,1500000000.0,1,1,1,1,0,1,0,0.0,1
4350000000.0,1,4000000000.0,0,1,1,1,0,1,1,350000000.0,1
200000000.0,0,200000000.0,0,0,1,1,0,1,0,0.0,1
3500000000.0,7,2396568300.8753204,0,0,34,1,0,1,1,1103431699.1246796,1
700000000.0,3,100000000.0,0,0,30,0,1,1,1,600000000.0,1
15000000.0,0,5000000.0,0,0,1,0,0,1,0,10000000.0,1
1000000000.0,3,500000000.0,1,1,23,1,1,1,1,500000000.0,3
120000000.0,0,100000000.0,0,0,1,1,0,1,0,20000000.0,1
1500000000.0,0,1500000000.0,0,0,1,0,0,1,0,0.0,1
10000000000.0,8,2396568300.8753204,0,0,32,1,0,1,1,7603431699.12468,1
259000000.0,0,50000000.0,0,0,1,1,0,1,0,209000000.0,1
20000000.0,2,20000000.0,0,0,31,1,1,1,1,0.0,1
100000000.0,0,100000000.0,0,1,1,1,0,1,0,0.0,1
307998000.0,1,199998000.0,0,0,12,1,0,0,1,108000000.0,1
1500000000.0,6,1500000000.0,1,1,1,1,1,1,1,0.0,3
900000000.0,1,400000000.0,0,1,1,1,0,1,0,500000000.0,1
4500000000.0,1,3500000000.0,0,0,20,1,1,1,1,1000000000.0,1
6627000000.0,6,500000000.0,0,0,20,1,0,1,0,6127000000.0,2
4200000000.0,0,1200000000.0,0,0,1,1,0,1,0,3000000000.0,1
300000000.0,6,200000000.0,0,0,6,0,1,1,1,100000000.0,3
73000000.0,0,27000000.0,1,0,1,1,0,1,0,46000000.0,1
130000000.0,0,30000000.0,0,0,1,0,0,1,0,100000000.0,1
714000000.0,0,70000000.0,0,0,1,0,0,0,0,644000000.0,1
3500000000.0,4,3500000000.0,1,1,17,0,0,1,1,0.0,4
1350000000.0,0,1000000000.0,1,1,27,1,0,1,0,350000000.0,1
1250000000.0,5,700000000.0,0,0,19,1,0,1,1,550000000.0,3
300000000.0,2,50000000.0,0,0,1,0,1,1,1,250000000.0,2
300000000.0,1,300000000.0,0,0,8,1,1,1,1,0.0,3
300000000.0,0,300000000.0,1,0,1,1,0,1,0,0.0,1
5000000000.0,1,5000000000.0,0,0,11,1,1,1,1,0.0,5
148000000.0,3,45000000.0,0,0,20,1,1,0,1,103000000.0,1
200000000.0,1,200000000.0,0,0,1,0,1,1,0,0.0,1
3000000000.0,0,3000000000.0,0,0,11,1,0,1,1,0.0,4
4800000000.0,2,1000000000.0,1,1,3,1,0,1,1,3800000000.0,4
40000000.0,0,40000000.0,0,0,1,1,0,1,0,0.0,1
651437434.0,10,100000000.0,0,0,6,1,1,1,1,551437434.0,3
5800000000.0,8,4000000000.0,0,0,1,1,1,1,1,1800000000.0,5
2330000000.0,6,1200000000.0,0,0,30,1,0,1,1,1130000000.0,1
100000000.0,16,100000000.0,1,1,30,1,1,1,1,0.0,1
200000000.0,0,200000000.0,0,0,1,0,0,0,0,0.0,1
14800000000.0,3,8000000000.0,0,0,11,1,0,1,1,6800000000.0,5
50000000.0,0,50000000.0,0,0,1,1,0,1,0,0.0,1
3100000000.0,5,2000000000.0,0,0,15,1,1,1,1,1100000000.0,4
100000000.0,12,100000000.0,1,1,16,1,0,1,1,0.0,2
2000000000.0,36,2000000000.0,0,0,33,1,1,1,1,0.0,4
16100000000.0,4,14000000000.0,0,0,34,1,0,1,1,2100000000.0,4
5500000000.0,12,500000000.0,1,1,24,1,0,1,1,5000000000.0,1
165000000.0,0,65000000.0,0,0,6,0,0,1,1,100000000.0,3
13300000000.0,9,13300000000.0,0,0,22,1,0,1,1,0.0,4
947000000.0,0,17000000.0,0,0,1,0,0,1,0,930000000.0,1
5000000000.0,1,5000000000.0,1,1,14,1,0,1,0,0.0,1
500000000.0,2,500000000.0,0,1,1,1,0,1,0,0.0,3
1400000000.0,5,500000000.0,1,1,18,1,1,1,1,900000000.0,1
28000000.0,3,2000000.0,0,0,22,1,1,1,1,26000000.0,1
340000000.0,1,60000000.0,0,0,1,1,0,1,0,280000000.0,1
1000000000.0,0,1000000000.0,1,1,1,1,0,1,0,0.0,1
30000000.0,0,30000000.0,1,1,9,1,0,1,0,0.0,3
5500000000.0,1,3500000000.0,1,1,1,1,0,1,0,2000000000.0,1
800000000.0,3,2396568300.8753204,1,1,17,1,0,1,0,-1596568300.8753204,4
2100000000.0,2,400000000.0,1,1,1,1,0,0,1,1700000000.0,3
500000000.0,7,2396568300.8753204,1,1,23,1,0,1,1,-1896568300.8753204,3
500000000.0,0,100000000.0,1,1,1,1,0,1,0,400000000.0,3
6380000000.0,12,1380000000.0,0,0,9,1,1,1,1,5000000000.0,3
18700000000.0,52,14700000000.0,1,1,29,1,0,1,1,4000000000.0,5
4000000000.0,26,4000000000.0,0,0,22,0,1,1,1,0.0,3
1000000000.0,20,1000000000.0,0,0,17,1,0,1,1,0.0,1
1300000000.0,3,2396568300.8753204,0,1,1,1,0,1,1,-1096568300.8753204,1
1599975890.0,2,500000000.0,0,0,33,1,1,1,1,1099975890.0,1
74000000000.0,12,24000000000.0,0,0,54,1,0,1,1,50000000000.0,1
2500000000.0,9,2500000000.0,0,0,7,1,0,1,1,0.0,4
25600000000.0,4,2000000000.0,0,0,32,0,0,1,1,23600000000.0,4
35000000.0,0,35000000.0,0,1,1,1,0,1,0,0.0,1
7540000000.0,2,2000000000.0,1,1,27,0,0,1,1,5540000000.0,4
108350000.0,0,108350000.0,1,0,1,1,0,1,0,0.0,1
280000000.0,3,80000000.0,0,0,7,1,1,1,1,200000000.0,3
730000000.0,8,230000000.0,0,0,24,1,1,1,1,500000000.0,1
150000000.0,0,150000000.0,0,0,37,1,1,1,1,0.0,1
800000000.0,4,500000000.0,0,0,32,0,1,1,1,300000000.0,1
7000000000.0,16,2396568300.8753204,1,1,18,1,0,1,0,4603431699.12468,3
1050000000.0,7,350000000.0,0,0,17,1,0,1,1,700000000.0,1
270000000.0,2,250000000.0,0,0,22,1,0,1,1,20000000.0,3
9110360575.0,4,780000000.0,0,0,11,1,0,1,1,8330360575.0,1
3000000000.0,17,3000000000.0,1,1,43,1,0,1,1,0.0,4
500000000.0,0,500000000.0,1,1,1,1,0,1,0,0.0,1
2100000000.0,0,1000000000.0,1,1,1,1,0,1,0,1100000000.0,1
800000000.0,3,500000000.0,0,0,1,1,0,1,1,300000000.0,4
110000000.0,10,110000000.0,0,0,12,0,0,1,0,0.0,3
1110000000.0,7,800000000.0,0,0,25,1,0,0,1,310000000.0,1
30000000.0,0,30000000.0,0,0,1,1,0,0,0,0.0,1
310000000.0,2,100000000.0,1,1,10,1,0,1,0,210000000.0,2
210000000.0,0,70000000.0,0,0,1,0,1,1,1,140000000.0,2
3130000000.0,1,130000000.0,0,0,9,0,0,1,1,3000000000.0,4
21700000000.0,5,1700000000.0,0,0,1,1,0,1,0,20000000000.0,4
500000000.0,0,2396568300.8753204,0,0,27,1,1,0,1,-1896568300.8753204,3
8407977600.0,1,1569994800.0,0,0,17,1,0,1,0,6837982800.0,1
2000000000.0,3,2000000000.0,1,1,28,1,0,1,0,0.0,1
775000000.0,3,500000000.0,1,1,31,1,1,1,1,275000000.0,1
1260000000.0,10,420000000.0,0,0,24,1,1,1,1,840000000.0,3
500000000.0,0,500000000.0,1,0,1,1,0,1,0,0.0,3
100000000.0,5,100000000.0,0,0,14,1,1,1,1,0.0,3
100000000.0,0,100000000.0,0,0,1,0,0,1,0,0.0,1
100000000.0,1,100000000.0,0,0,1,0,1,1,1,0.0,1
1000000000.0,0,1000000000.0,0,0,20,1,0,1,1,0.0,2
115000000.0,15,115000000.0,1,1,1,1,1,0,0,0.0,1
45000000.0,3,2396568300.8753204,0,0,13,1,1,1,1,-2351568300.8753204,3
2000000000.0,5,2396568300.8753204,1,1,23,1,1,1,1,-396568300.8753204,3
500000000.0,2,500000000.0,0,0,18,1,1,1,1,0.0,3
4500000000.0,6,2396568300.8753204,0,0,6,0,1,1,1,2103431699.12468,1
1360000000.0,3,660000000.0,1,1,1,1,0,1,1,700000000.0,1
9500000000.0,0,3500000000.0,0,0,10,0,0,1,0,6000000000.0,1
500000000.0,4,500000000.0,0,0,1,0,1,1,1,0.0,1
2000000.0,8,2396568300.8753204,0,0,15,1,0,1,1,-2394568300.8753204,1
99800000000.0,7,3000000000.0,0,1,11,1,0,1,0,96800000000.0,4
163750000.0,0,163750000.0,1,1,2,1,0,1,0,0.0,1
600000000.0,0,2396568300.8753204,0,0,16,1,0,1,0,-1796568300.8753204,1
840000000.0,0,600000000.0,0,0,1,1,0,1,0,240000000.0,1
70000000.0,1,50000000.0,0,0,1,0,1,1,1,20000000.0,2
100000000.0,0,100000000.0,0,0,1,1,0,1,0,0.0,1
95000000000.0,11,20000000000.0,1,1,1,1,0,0,1,75000000000.0,1
1447250000.0,0,1447250000.0,0,0,3,0,1,1,1,0.0,1
430000000.0,0,100000000.0,0,0,1,1,0,1,0,330000000.0,1
16000000000.0,8,11000000000.0,0,0,15,1,1,1,1,5000000000.0,4
100000000.0,0,100000000.0,0,0,1,1,0,1,0,0.0,2
320000000.0,2,300000000.0,0,0,16,1,1,1,1,20000000.0,1
300000000.0,0,300000000.0,1,1,1,1,0,1,0,0.0,1
100000000.0,3,100000000.0,0,0,1,1,1,1,1,0.0,1
1100000000.0,2,1100000000.0,0,1,19,1,1,1,1,0.0,1
9400000000.0,14,1400000000.0,0,0,17,1,0,1,0,8000000000.0,4
1000000000.0,0,1000000000.0,0,0,1,1,1,1,1,0.0,1
2900000000.0,19,2000000000.0,0,0,12,1,1,1,1,900000000.0,1
2500000000.0,0,2000000000.0,0,1,1,1,0,1,0,500000000.0,1
1000000000.0,1,1000000000.0,0,0,1,1,1,0,1,0.0,1
150000000.0,0,150000000.0,0,0,1,1,1,1,1,0.0,3
4399000000.0,19,2396568300.8753204,1,1,7,1,0,1,1,2002431699.12468,1
5000000.0,1,5000000.0,0,0,1,1,0,0,1,0.0,1
3125000000.0,21,2400000000.0,0,0,31,1,0,1,1,725000000.0,4
500000000.0,0,500000000.0,0,0,1,1,0,1,0,0.0,1
2500000000.0,0,1500000000.0,0,0,1,1,0,1,1,1000000000.0,4
1350000000.0,10,100000000.0,0,0,19,1,1,1,1,1250000000.0,1
100000000.0,0,100000000.0,0,0,1,0,0,1,0,0.0,5
400000000.0,0,2396568300.8753204,0,0,15,1,0,1,0,-1996568300.8753204,1
8200000000.0,6,3500000000.0,1,1,27,0,1,1,1,4700000000.0,4
400000000.0,3,100000000.0,0,0,16,1,0,1,1,300000000.0,1
1250000000.0,5,1250000000.0,0,0,18,1,0,1,0,0.0,1
4300000000.0,36,2396568300.8753204,0,0,17,1,1,1,1,1903431699.12468,1
230000000.0,1,30000000.0,0,0,3,0,0,1,1,200000000.0,3
40900000000.0,5,18500000000.0,0,0,13,1,0,1,1,22400000000.0,7
2100000000.0,12,2396568300.8753204,0,0,8,0,1,1,1,-296568300.87532043,3
150000000.0,7,150000000.0,0,0,13,1,1,1,1,0.0,3
600000000.0,0,600000000.0,1,1,1,1,0,1,0,0.0,1
520000000.0,9,520000000.0,1,1,37,0,1,1,1,0.0,2
176500000000.0,5,500000000.0,0,0,24,1,0,1,0,176000000000.0,2
20000000.0,0,20000000.0,0,0,14,1,1,1,1,0.0,1
1710000000.0,0,1000000000.0,0,0,1,1,0,1,0,710000000.0,1
200000000.0,0,100000000.0,0,0,1,0,0,1,0,100000000.0,1
1000000000.0,10,500000000.0,0,0,30,1,1,1,1,500000000.0,4
4000000000.0,6,500000000.0,1,1,17,1,1,1,1,3500000000.0,4
5500000000.0,1,3500000000.0,1,1,1,1,0,1,0,2000000000.0,1
4000000000.0,33,4000000000.0,1,1,57,1,0,1,1,0.0,4
1500000000.0,2,1000000000.0,0,0,1,1,0,1,0,500000000.0,1
10300000000.0,17,3000000000.0,1,1,22,1,1,1,1,7300000000.0,4
120000000.0,0,120000000.0,0,0,9,1,0,1,0,0.0,3
110000000000.0,4,50000000000.0,1,1,30,1,0,1,0,60000000000.0,1
1200000000.0,1,1200000000.0,0,0,21,1,0,1,0,0.0,1
12828000000.0,4,240000000.0,1,1,27,1,0,1,0,12588000000.0,2
300000000.0,12,300000000.0,1,1,23,1,1,1,1,0.0,3
2100000000.0,5,2396568300.8753204,0,0,22,1,1,1,1,-296568300.87532043,1
5570000000.0,3,4000000000.0,0,0,13,1,0,1,1,1570000000.0,4
1120000000.0,0,500000000.0,0,1,74,1,0,1,0,620000000.0,1
100000000.0,14,100000000.0,0,1,19,0,1,1,1,0.0,1
18500000000.0,4,6000000000.0,0,0,42,1,0,1,1,12500000000.0,4
20000000.0,0,20000000.0,0,0,1,1,0,1,0,0.0,1
96000000.0,0,96000000.0,0,1,8,1,1,1,1,0.0,1
1020000000.0,5,500000000.0,0,0,24,1,1,1,1,520000000.0,1
50000000.0,1,2396568300.8753204,0,0,9,0,1,1,1,-2346568300.8753204,1
4500000000.0,2,4000000000.0,1,1,10,0,1,1,1,500000000.0,4
1600000000.0,3,1300000000.0,0,0,11,1,1,1,1,300000000.0,4
170000000.0,0,170000000.0,0,0,16,0,1,1,1,0.0,1
700000000.0,9,2396568300.8753204,0,0,24,1,0,1,1,-1696568300.8753204,1
5000000000.0,16,5000000000.0,0,0,21,0,1,1,1,0.0,4
210000000.0,0,100000000.0,1,1,17,1,0,1,0,110000000.0,1
2000000000.0,1,2000000000.0,0,0,1,1,1,1,1,0.0,4
6000000000.0,0,1000000000.0,0,0,19,1,0,1,0,5000000000.0,1
4000000000.0,18,1000000000.0,0,0,35,1,0,1,0,3000000000.0,1
4000000000.0,5,4000000000.0,1,1,1,1,0,1,0,0.0,1
40000000.0,0,40000000.0,0,0,1,1,0,1,0,0.0,1
7700000000.0,18,6500000000.0,1,1,17,1,0,1,1,1200000000.0,4
20500000000.0,1,15000000000.0,0,0,1,0,0,1,1,5500000000.0,5
500000000.0,1,500000000.0,1,1,4,1,1,1,1,0.0,1
930000000.0,2,200000000.0,0,0,11,1,1,1,1,730000000.0,2
10000000.0,8,2396568300.8753204,0,0,14,1,1,1,1,-2386568300.8753204,1
445000000.0,5,445000000.0,0,0,1,0,0,1,0,0.0,2
22680000000.0,5,600000000.0,0,0,1,1,0,1,0,22080000000.0,3
2503270000.0,1,2160000000.0,0,0,18,1,0,1,1,343270000.0,2
2096997500.0,2,150000000.0,0,0,12,1,1,1,1,1946997500.0,3
135000000.0,3,30000000.0,0,0,1,0,0,1,1,105000000.0,1
15000000000.0,7,3000000000.0,0,0,1,0,1,1,1,12000000000.0,4
16800000000.0,23,800000000.0,0,0,11,1,1,1,1,16000000000.0,3
600000000.0,0,600000000.0,0,0,13,1,0,0,1,0.0,3
1500000000.0,4,2396568300.8753204,0,0,16,1,1,1,1,-896568300.8753204,3
600000000.0,8,400000000.0,0,0,24,1,1,1,1,200000000.0,1
3100000000.0,17,2100000000.0,1,1,1,1,0,1,1,1000000000.0,4
30000000.0,0,30000000.0,0,0,11,1,0,0,0,0.0,2
1000000000.0,0,1000000000.0,0,0,1,1,0,1,0,0.0,1
15800000.0,0,15800000.0,0,0,1,0,1,1,0,0.0,1
600000000.0,8,100000000.0,0,0,48,1,0,1,0,500000000.0,1
500000000.0,0,500000000.0,0,0,15,1,0,1,0,0.0,1
3650000000.0,1,50000000.0,0,0,20,1,0,1,0,3600000000.0,3
100000000.0,0,100000000.0,0,0,1,1,0,1,0,0.0,1
10150000000.0,3,1350000000.0,1,1,64,1,0,1,1,8800000000.0,3
30000600.0,0,30000600.0,0,0,15,1,1,0,1,0.0,3
3075000000.0,2,150000000.0,1,1,18,1,0,1,1,2925000000.0,1
700000000.0,31,700000000.0,1,1,36,1,0,1,0,0.0,2
1100000000.0,1,100000000.0,0,0,1,1,0,1,0,1000000000.0,1
1300000000.0,11,2396568300.8753204,0,0,1,1,0,0,1,-1096568300.8753204,1
55058000.0,3,3750000.0,0,0,1,0,1,1,1,51308000.0,1
1300000000.0,1,2396568300.8753204,0,0,1,1,0,1,0,-1096568300.8753204,1
300000000.0,0,300000000.0,0,0,1,1,0,1,0,0.0,1
600000000.0,0,600000000.0,0,0,6,1,0,1,0,0.0,3
600000000.0,22,600000000.0,1,1,44,1,1,1,1,0.0,1
5000000000.0,1,5000000000.0,0,0,15,1,0,1,1,0.0,1
300000000.0,0,300000000.0,0,0,9,0,1,1,1,0.0,3
220000000.0,4,220000000.0,0,0,4,1,1,1,1,0.0,3
3300000000.0,12,800000000.0,1,1,20,1,0,1,0,2500000000.0,1
1200000000.0,1,700000000.0,1,1,21,0,0,1,1,500000000.0,1
2000000000.0,0,2000000000.0,1,1,1,1,0,1,0,0.0,1
1300000000.0,9,2396568300.8753204,1,1,15,0,1,1,1,-1096568300.8753204,3
100000000.0,0,100000000.0,1,1,1,0,0,1,0,0.0,2
200000000.0,0,200000000.0,1,1,1,1,0,1,0,0.0,1
350000000.0,0,350000000.0,0,0,1,1,0,1,0,0.0,3
29200000000.0,110,1500000000.0,1,1,19,1,0,1,0,27700000000.0,1
3700000000.0,0,2000000000.0,0,0,29,1,0,1,0,1700000000.0,1
360000000.0,0,100000000.0,0,0,1,0,0,1,0,260000000.0,1
3400000000.0,14,3000000000.0,1,1,15,0,1,1,1,400000000.0,4
1800000000.0,8,300000000.0,0,0,2,0,1,1,1,1500000000.0,1
200000000.0,0,200000000.0,0,0,1,0,0,0,0,0.0,1
480000000.0,3,400000000.0,0,0,5,0,1,1,1,80000000.0,3
5200000000.0,9,3000000000.0,1,1,17,1,0,1,0,2200000000.0,1
33000000000.0,4,20000000000.0,1,1,17,1,0,1,0,13000000000.0,1
500000000.0,1,300000000.0,0,0,30,1,1,1,1,200000000.0,2
100000000.0,2,100000000.0,0,0,6,1,1,1,1,0.0,3
50000000.0,0,50000000.0,0,0,5,0,1,1,1,0.0,3
100000000.0,3,100000000.0,0,1,29,1,0,0,0,0.0,1
600000000.0,0,600000000.0,0,0,1,0,0,1,0,0.0,1
600000000.0,0,100000000.0,1,1,23,1,0,1,1,500000000.0,1
200000000.0,0,200000000.0,0,0,1,0,0,0,0,0.0,1
5000000000.0,2,5000000000.0,0,0,10,1,1,1,1,0.0,4
800000000.0,0,300000000.0,0,0,1,1,0,1,0,500000000.0,1
110000000.0,0,110000000.0,1,1,8,1,0,0,0,0.0,1
120000000.0,0,120000000.0,0,0,1,0,1,1,1,0.0,1
4200000000.0,12,1200000000.0,0,0,25,1,0,1,0,3000000000.0,1
2999820000.0,13,2999820000.0,1,1,36,1,1,1,1,0.0,5
5110000000.0,4,400000000.0,0,1,26,1,0,1,0,4710000000.0,1
2000000000.0,0,1000000000.0,1,1,16,1,1,1,1,1000000000.0,1
42000000.0,2,42000000.0,0,0,13,1,1,1,1,0.0,1
22000000000.0,8,16000000000.0,0,0,21,1,0,1,1,6000000000.0,5
9200000000.0,0,2000000000.0,1,1,1,1,0,1,0,7200000000.0,4
100000000.0,2,100000000.0,0,0,13,0,1,1,1,0.0,3
23289800.0,3,12395800.0,0,0,1,0,1,1,1,10894000.0,3
100000000.0,2,100000000.0,0,0,1,1,0,1,0,0.0,1
7920000000.0,9,800000000.0,0,0,1,1,0,1,0,7120000000.0,1
500000000.0,17,2396568300.8753204,0,0,12,0,1,1,1,-1896568300.8753204,1
6900000000.0,6,2000000000.0,0,0,15,1,0,1,1,4900000000.0,1
207476970.0,7,4000000.0,0,0,26,1,1,1,1,203476970.0,1
6600000000.0,1,4000000000.0,1,1,24,1,0,1,1,2600000000.0,5
4600000000.0,6,1500000000.0,0,1,46,1,0,1,1,3100000000.0,1
30000000.0,1,30000000.0,0,1,28,1,0,1,1,0.0,2
1450000000.0,10,600000000.0,0,0,28,0,0,1,1,850000000.0,1
15175000000.0,5,600000000.0,0,0,1,1,0,1,0,14575000000.0,1
4600000000.0,2,500000000.0,1,1,27,1,0,0,1,4100000000.0,1
980000000.0,6,800000000.0,1,1,31,1,1,1,1,180000000.0,1
645000000.0,20,2396568300.8753204,1,1,39,1,1,1,1,-1751568300.8753204,1
12330000000.0,12,2000000000.0,1,1,26,1,0,1,1,10330000000.0,4
5100000000.0,2,300000000.0,0,0,11,1,0,1,0,4800000000.0,3
400000000.0,2,200000000.0,1,1,1,1,0,1,0,200000000.0,2
14500000000.0,10,4000000000.0,0,0,1,0,1,1,1,10500000000.0,4
100000000.0,0,100000000.0,1,1,12,1,0,1,1,0.0,3
2000000000.0,2,2000000000.0,0,0,1,0,0,0,1,0.0,4
150000000.0,1,150000000.0,0,0,1,0,1,1,1,0.0,3
875000000.0,3,875000000.0,0,0,12,1,1,1,1,0.0,3
40000000.0,0,40000000.0,0,0,1,1,0,1,0,0.0,1
250000000.0,5,250000000.0,1,1,1,0,1,1,1,0.0,3
4750000000.0,7,2396568300.8753204,0,0,9,1,0,0,1,2353431699.12468,3
70000000.0,0,70000000.0,0,0,5,0,1,1,1,0.0,1
250000000.0,1,200000000.0,0,0,1,0,1,1,1,50000000.0,2
830000000.0,6,2396568300.8753204,0,0,13,1,0,1,1,-1566568300.8753204,4
350000000.0,0,350000000.0,0,0,13,0,1,1,1,0.0,1
34000000.0,0,10000000.0,0,1,12,1,0,1,0,24000000.0,2
900000000.0,1,900000000.0,0,0,15,1,0,1,1,0.0,1
2000000000.0,2,2000000000.0,0,0,1,1,0,1,1,0.0,1
300000000.0,4,300000000.0,0,0,1,0,0,1,1,0.0,1
635570000.0,1,10000000.0,0,0,35,1,0,1,0,625570000.0,1
3000000000.0,28,3000000000.0,0,0,19,1,1,1,1,0.0,1
100000000.0,1,100000000.0,0,0,6,0,1,1,1,0.0,3
5100000000.0,9,2396568300.8753204,1,1,44,0,0,1,1,2703431699.12468,4
599000000.0,9,2396568300.8753204,0,0,14,0,0,1,1,-1797568300.8753204,1
2400000000.0,1,400000000.0,0,0,1,1,0,1,0,2000000000.0,4
63400000000.0,3,14500000000.0,1,1,13,1,0,1,0,48900000000.0,1
170000000.0,6,100000000.0,0,0,23,0,1,1,1,70000000.0,1
1000000000.0,4,1000000000.0,0,0,11,1,1,1,1,0.0,2
2726000000.0,2,100000000.0,0,0,13,1,1,1,1,2626000000.0,1
500000000.0,1,500000000.0,0,0,17,1,0,1,1,0.0,3
20000000.0,10,20000000.0,0,0,25,1,1,1,1,0.0,3
100000000.0,1,50000000.0,0,0,1,1,0,1,0,50000000.0,1
10260000000.0,7,2000000000.0,0,0,1,1,0,1,0,8260000000.0,1
100000000.0,0,100000000.0,1,1,1,1,0,1,0,0.0,1
3000000000.0,3,3000000000.0,1,1,33,1,0,1,0,0.0,1
1000000000.0,0,1000000000.0,0,0,1,1,0,1,0,0.0,1
35000000000.0,1,2396568300.8753204,0,0,1,0,0,1,1,32603431699.12468,8
50000000.0,1,50000000.0,0,0,1,1,1,1,1,0.0,1
30000000.0,0,30000000.0,0,0,1,1,0,1,0,0.0,3
100000000.0,1,100000000.0,0,0,1,1,0,1,0,0.0,1
20000000.0,1,20000000.0,0,0,1,0,1,1,1,0.0,3
5000000000.0,2,5000000000.0,1,1,1,1,0,1,1,0.0,4
100000000.0,8,2396568300.8753204,0,0,14,1,1,1,1,-2296568300.8753204,2
198887000.0,21,198887000.0,0,0,38,0,0,1,0,0.0,3
3580000000.0,12,3000000000.0,1,1,9,0,1,1,1,580000000.0,1
10000000000.0,6,9000000000.0,0,0,11,1,0,1,1,1000000000.0,4
9300000000.0,2,3000000000.0,0,0,1,1,0,1,0,6300000000.0,1
4000000000.0,0,500000000.0,0,0,1,1,0,1,0,3500000000.0,1
7000000000.0,10,5000000000.0,0,1,1,1,0,0,1,2000000000.0,4
1500000000.0,2,1500000000.0,0,0,18,0,1,1,1,0.0,1
700000000.0,0,700000000.0,1,1,1,1,0,1,0,0.0,1
1820000000.0,11,370000000.0,1,1,25,1,1,1,1,1450000000.0,2
8250000000.0,0,1050000000.0,0,0,28,1,0,1,0,7200000000.0,1
350000000.0,8,2396568300.8753204,1,1,7,1,0,1,1,-2046568300.8753204,4
100000000.0,1,100000000.0,0,0,21,1,1,0,1,0.0,1
600000000.0,0,100000000.0,0,0,1,1,0,1,0,500000000.0,1
230000000.0,3,230000000.0,0,0,1,0,1,1,1,0.0,2
50000000000.0,26,30000000000.0,0,0,1,1,0,1,1,20000000000.0,5
11380000000.0,19,150000000.0,0,0,27,1,0,1,1,11230000000.0,1
940000000.0,0,500000000.0,0,0,1,1,0,1,0,440000000.0,1
300000000.0,4,300000000.0,0,0,16,1,0,1,0,0.0,4
600000000.0,6,600000000.0,1,1,18,1,1,1,1,0.0,3
3000000000.0,1,3000000000.0,1,1,27,1,1,1,1,0.0,4
3800000000.0,27,800000000.0,0,0,1,1,0,1,1,3000000000.0,3
1000000000.0,7,1000000000.0,0,0,11,1,1,1,1,0.0,3
2000000000.0,1,1200000000.0,0,0,1,1,0,1,1,800000000.0,1
2200000000.0,44,2396568300.8753204,0,0,1,1,0,1,0,-196568300.87532043,1
500000000.0,1,500000000.0,0,0,1,1,0,1,0,0.0,3
34400000000.0,21,2396568300.8753204,1,1,28,1,0,1,1,32003431699.12468,1
5188000000.0,14,1500000000.0,1,1,19,1,0,1,1,3688000000.0,1
600000000.0,16,2396568300.8753204,1,1,2,1,1,1,1,-1796568300.8753204,3
1000000000.0,4,1000000000.0,0,0,3,1,1,1,1,0.0,3
200000000.0,0,200000000.0,0,0,1,0,1,0,0,0.0,1
100000000.0,0,100000000.0,1,0,1,1,0,1,0,0.0,1
100000000.0,5,100000000.0,0,0,15,1,1,1,1,0.0,1
200000000.0,0,200000000.0,1,1,1,1,0,1,0,0.0,1
13500000000.0,2,13500000000.0,0,0,1,1,0,1,0,0.0,4
7200000000.0,7,7200000000.0,1,1,27,1,0,1,0,0.0,1
400000000.0,8,400000000.0,1,1,19,1,1,1,1,0.0,1
50000000.0,0,50000000.0,0,0,1,0,0,1,0,0.0,1
7500000000.0,14,6000000000.0,0,0,1,0,0,1,1,1500000000.0,1
497500000.0,0,197500000.0,0,0,15,1,0,1,1,300000000.0,1
180000000.0,0,20000000.0,0,0,1,0,0,1,0,160000000.0,1
444.0,0,444.0,0,0,5,0,0,1,0,0.0,1
468000000.0,0,156000000.0,0,0,1,1,0,1,0,312000000.0,2
3000000000.0,0,3000000000.0,0,0,12,1,0,1,0,0.0,1
547800000.0,4,2396568300.8753204,0,0,18,1,1,1,1,-1848768300.8753204,1
150000000.0,0,150000000.0,1,1,1,1,0,1,0,0.0,1
105000000.0,2,105000000.0,1,1,1,1,1,0,1,0.0,1
30000000.0,0,30000000.0,0,0,1,1,0,1,0,0.0,1
4500000000.0,6,2000000000.0,1,1,18,1,1,1,1,2500000000.0,4
7440000000.0,11,7440000000.0,0,0,45,1,1,1,1,0.0,3
1100000000.0,7,1100000000.0,1,1,23,1,0,1,1,0.0,1
300000000.0,7,300000000.0,0,0,18,1,1,1,1,0.0,3
4800000000.0,0,1000000000.0,0,0,1,1,0,1,0,3800000000.0,1
25000000000.0,28,2000000000.0,1,1,22,1,0,1,1,23000000000.0,4
500000000.0,0,500000000.0,0,0,1,0,0,1,0,0.0,1
200000000.0,7,200000000.0,0,0,14,1,1,1,1,0.0,1
6500000000.0,0,700000000.0,0,0,1,1,0,1,0,5800000000.0,3
8000000000.0,10,2396568300.8753204,0,0,27,1,1,1,1,5603431699.12468,1
6000000000.0,0,6000000000.0,0,0,20,1,0,1,1,0.0,4
5200000000.0,0,2200000000.0,1,1,29,1,0,1,0,3000000000.0,5
21400000000.0,9,6000000000.0,0,0,15,1,0,1,0,15400000000.0,1
4000000000.0,10,2396568300.8753204,0,0,22,0,1,1,1,1603431699.1246796,1
1000000000.0,2,2396568300.8753204,0,0,20,1,0,1,0,-1396568300.8753204,1
369999998.0,0,20000000.0,0,0,1,0,0,1,1,349999998.0,3
30000000000.0,19,30000000000.0,0,0,39,1,1,1,1,0.0,4
2000000000.0,1,1000000000.0,0,1,1,1,0,1,0,1000000000.0,1
50000000.0,0,50000000.0,0,0,12,0,1,1,1,0.0,3
4700000000.0,2,4000000000.0,0,0,1,0,1,1,1,700000000.0,1
100000000.0,0,100000000.0,0,0,21,1,0,1,1,0.0,3
1110203200.0,2,100100000.0,0,0,15,1,1,1,1,1010103200.0,2
2600000000.0,0,300000000.0,1,0,1,1,0,1,0,2300000000.0,1
450000000.0,0,450000000.0,0,0,1,1,0,1,0,0.0,1
4600000000.0,27,3400000000.0,1,1,62,1,0,1,1,1200000000.0,4
1900000000.0,4,1000000000.0,0,0,16,1,1,1,1,900000000.0,4
2000000000.0,6,1000000000.0,1,1,7,1,0,1,1,1000000000.0,4
28400000000.0,6,7600000000.0,1,1,1,1,0,1,0,20800000000.0,4
1685000000.0,3,18000000.0,0,0,23,1,1,1,1,1667000000.0,1
5000000000.0,6,5000000000.0,0,0,11,1,1,1,1,0.0,1
2000000000.0,1,500000000.0,1,1,1,1,0,1,1,1500000000.0,1
9510000000.0,112,110000000.0,1,1,67,1,0,1,0,9400000000.0,3
100000000.0,2,100000000.0,0,0,11,1,0,1,1,0.0,2
920000000.0,5,220000000.0,0,0,22,1,1,1,1,700000000.0,2
700000000.0,0,700000000.0,1,1,1,1,0,1,0,0.0,3
500000000.0,0,2396568300.8753204,0,0,16,1,1,1,1,-1896568300.8753204,1
9600000000.0,0,1000000000.0,1,1,4,1,0,1,1,8600000000.0,1
35000000.0,0,35000000.0,0,0,1,1,0,1,0,0.0,1
10700000000.0,1,4000000000.0,0,0,1,1,0,1,0,6700000000.0,1
1000000000.0,8,1000000000.0,1,1,22,1,0,1,1,0.0,1
1250000000.0,8,500000000.0,0,0,16,1,1,1,1,750000000.0,1
300000000.0,0,300000000.0,0,0,1,1,0,1,0,0.0,1
5000000000.0,17,2396568300.8753204,0,0,39,1,0,1,1,2603431699.12468,4
1000000000.0,6,1000000000.0,0,0,8,0,0,1,1,0.0,2
6300000000.0,0,300000000.0,0,0,1,1,0,1,0,6000000000.0,1
120000000.0,0,120000000.0,0,0,1,0,1,1,1,0.0,2
475500000.0,1,25500000.0,0,0,4,1,0,0,0,450000000.0,1
50000000.0,0,50000000.0,0,0,44,1,0,1,0,0.0,1
1500000000.0,0,1500000000.0,0,0,1,1,0,1,0,0.0,3
415000000.0,1,215000000.0,0,0,1,1,0,1,1,200000000.0,2
5500000000.0,24,5000000000.0,0,0,20,1,1,1,1,500000000.0,4
2000000000.0,0,2000000000.0,0,0,33,1,0,1,1,0.0,5
4000000000.0,1,1000000000.0,0,0,1,0,0,1,0,3000000000.0,1
1000000000.0,1,1000000000.0,0,0,1,1,0,1,0,0.0,1
854000000.0,4,200000000.0,0,0,19,1,1,1,1,654000000.0,3
50000000.0,0,20000000.0,0,0,1,1,0,1,0,30000000.0,3
4220000000.0,22,300000000.0,1,1,23,1,0,1,1,3920000000.0,4
10250000000.0,0,2396568300.8753204,0,0,25,1,0,1,0,7853431699.12468,1
46000000.0,8,46000000.0,1,1,21,1,1,1,1,0.0,1
200000000.0,8,30000000.0,0,0,25,1,1,1,1,170000000.0,1
6500000000.0,0,3500000000.0,0,1,8,1,0,1,1,3000000000.0,1
136000000000.0,2,5000000000.0,1,1,48,1,0,1,0,131000000000.0,1
130000000.0,0,100000000.0,0,0,1,1,0,1,0,30000000.0,1
500000000.0,2,500000000.0,0,0,30,1,1,1,1,0.0,3
2000000000.0,1,2000000000.0,0,0,17,1,0,1,1,0.0,4
4800000000.0,2,1300000000.0,0,0,18,1,0,1,1,3500000000.0,1
10800000000.0,9,4800000000.0,1,1,48,1,1,1,0,6000000000.0,4
500000000.0,0,500000000.0,0,0,19,0,1,1,1,0.0,3
850000000.0,3,850000000.0,1,1,11,1,1,1,1,0.0,1
400000000.0,0,30000000.0,0,0,9,1,0,0,1,370000000.0,3
1500000000.0,2,1500000000.0,1,1,13,1,0,1,0,0.0,4
1300000000.0,38,1000000000.0,0,0,1,0,1,1,1,300000000.0,1
180000000.0,1,50000000.0,0,0,14,1,1,1,1,130000000.0,2
3000000000.0,5,3000000000.0,0,0,16,1,0,1,0,0.0,4
114000000.0,0,100000000.0,0,0,1,1,0,0,0,14000000.0,1
500000000.0,0,500000000.0,0,0,1,1,0,1,0,0.0,1
1500000000.0,2,1000000000.0,1,1,4,1,1,1,1,500000000.0,1
700000000.0,9,700000000.0,0,0,34,1,0,1,0,0.0,1
1000000000.0,1,1000000000.0,0,0,1,1,0,1,0,0.0,1
2750000000.0,7,300000000.0,0,0,21,0,1,1,1,2450000000.0,1
8900000000.0,9,2100000000.0,0,0,52,1,0,1,1,6800000000.0,1
1400000000.0,4,600000000.0,1,1,1,0,0,1,1,800000000.0,1
1500000000.0,11,1500000000.0,0,0,17,1,0,1,1,0.0,4
3300000000.0,0,500000000.0,1,1,27,1,0,1,0,2800000000.0,3
1500000000.0,0,2396568300.8753204,0,0,9,0,1,1,1,-896568300.8753204,3
8500000000.0,4,3000000000.0,1,0,6,1,0,1,0,5500000000.0,1
100000000.0,10,100000000.0,0,0,30,1,1,1,1,0.0,1
323000000.0,3,2396568300.8753204,0,0,15,1,0,1,1,-2073568300.8753204,1
500000000.0,3,500000000.0,0,0,12,1,0,1,1,0.0,1
13500000000.0,4,2000000000.0,1,1,1,1,0,1,1,11500000000.0,4
500000000.0,9,500000000.0,0,0,3,0,1,1,1,0.0,1
43400000000.0,27,6400000000.0,1,1,14,1,0,1,1,37000000000.0,1
300000000.0,0,150000000.0,0,0,1,1,0,1,0,150000000.0,1
5000000000.0,2,5000000000.0,0,0,7,1,0,1,0,0.0,1
2151200000.0,5,2396568300.8753204,0,0,18,1,1,1,1,-245368300.87532043,4
200000000.0,5,2396568300.8753204,0,0,15,1,1,1,1,-2196568300.8753204,3
70000000.0,0,70000000.0,1,1,1,0,0,1,0,0.0,1
140000000.0,1,140000000.0,0,0,13,1,1,0,1,0.0,2
700000000.0,4,700000000.0,1,1,20,1,1,0,1,0.0,3
2500000000.0,1,500000000.0,1,1,21,1,1,1,1,2000000000.0,1
1500000000.0,0,2396568300.8753204,0,0,1,1,1,0,1,-896568300.8753204,3
1700000000.0,8,1000000000.0,0,0,18,1,0,1,1,700000000.0,1
3000000000.0,2,3000000000.0,1,1,22,1,0,1,0,0.0,1
500000000.0,2,2396568300.8753204,1,1,18,0,1,1,1,-1896568300.8753204,1
2600000000.0,0,800000000.0,0,0,1,1,0,1,0,1800000000.0,1
500000000.0,0,500000000.0,0,0,2,0,1,1,1,0.0,1
730000000.0,7,500000000.0,0,0,1,1,0,1,0,230000000.0,1
1500000000.0,0,500000000.0,1,1,18,1,0,1,1,1000000000.0,1
150000000.0,0,2396568300.8753204,0,0,1,1,0,1,0,-2246568300.8753204,2
1000000000.0,11,1000000000.0,0,0,39,1,1,1,1,0.0,2
1310000000.0,7,510000000.0,0,0,32,0,0,1,1,800000000.0,1
2400000000.0,1,2400000000.0,1,1,1,1,0,1,0,0.0,4
300000000.0,8,300000000.0,1,1,28,1,0,1,0,0.0,1
6000000000.0,66,5000000000.0,1,1,37,1,0,1,1,1000000000.0,1
1300000000.0,0,1300000000.0,0,0,1,0,0,1,0,0.0,1
100000000.0,1,100000000.0,0,0,1,0,1,1,1,0.0,3
9000000000.0,5,3000000000.0,1,1,8,1,0,1,1,6000000000.0,4
500000000.0,2,2396568300.8753204,0,0,22,0,1,1,1,-1896568300.8753204,3
130000000.0,1,30000000.0,0,0,9,1,1,1,1,100000000.0,1
2500000000.0,2,2500000000.0,0,1,39,1,0,1,1,0.0,4
6629128.0,1,6619944.0,0,0,9,1,1,0,1,9184.0,6
5160000000.0,27,780000000.0,1,1,28,1,0,1,1,4380000000.0,1
5300000000.0,24,2396568300.8753204,0,0,1,1,1,1,1,2903431699.12468,1
48100000000.0,120,6800000000.0,1,1,11,1,0,1,1,41300000000.0,5
19400000000.0,8,400000000.0,0,0,10,1,0,1,1,19000000000.0,1
7550000000.0,3,4000000000.0,0,0,1,1,1,1,1,3550000000.0,2
16000000000.0,11,13000000000.0,0,0,34,1,0,1,0,3000000000.0,5
155000000.0,0,15000000.0,1,1,5,1,0,1,0,140000000.0,1
5800000000.0,9,4500000000.0,0,0,8,1,1,0,1,1300000000.0,4
2000000000.0,2,2000000000.0,0,0,23,1,0,1,1,0.0,4
8700000000.0,4,2396568300.8753204,0,0,14,1,0,0,0,6303431699.12468,1
600000000.0,0,600000000.0,0,0,10,1,1,1,1,0.0,3
500000000.0,2,500000000.0,0,0,19,1,0,1,1,0.0,1
4100000000.0,26,2396568300.8753204,0,0,25,1,1,1,1,1703431699.1246796,3
4100000000.0,0,1000000000.0,0,0,1,0,0,0,0,3100000000.0,1
1560000000.0,11,1560000000.0,1,1,22,1,1,1,1,0.0,3
2000000000.0,3,2396568300.8753204,1,1,18,0,1,1,1,-396568300.8753204,3
765000000.0,4,500000000.0,0,0,18,1,0,1,1,265000000.0,3
100000000.0,0,100000000.0,0,0,1,1,0,1,0,0.0,1
550000000.0,9,250000000.0,0,0,26,1,1,1,1,300000000.0,1
100000000.0,1,100000000.0,0,0,30,1,1,1,1,0.0,1
450000000.0,13,50000000.0,1,1,34,1,0,1,0,400000000.0,1
12200000000.0,1,200000000.0,0,0,1,1,0,1,0,12000000000.0,1
2640000000.0,3,2640000000.0,0,0,12,1,0,1,0,0.0,4
107140000.0,0,107140000.0,0,0,1,1,0,0,0,0.0,1
49000000.0,0,9000000.0,0,0,1,0,0,1,0,40000000.0,1
30000000.0,0,30000000.0,0,1,12,1,0,1,0,0.0,1
800000000.0,21,2396568300.8753204,1,1,17,0,1,1,1,-1596568300.8753204,1
350000000.0,1,350000000.0,1,1,14,0,1,1,1,0.0,1
4000000000.0,0,700000000.0,0,0,1,1,0,1,0,3300000000.0,1
1550000000.0,10,2396568300.8753204,0,0,20,1,1,1,1,-846568300.8753204,1
1002000000.0,0,1000000000.0,0,0,1,1,0,1,0,2000000.0,1
3999990717.0,1,999997680.0,0,0,7,0,0,1,1,2999993037.0,4
294000000.0,0,80000000.0,0,0,1,1,0,1,0,214000000.0,1
1600000000.0,7,500000000.0,0,0,19,1,1,0,1,1100000000.0,1
1049999995.0,6,449999995.0,1,1,34,1,1,1,1,600000000.0,1
200000000.0,12,200000000.0,1,1,29,1,1,1,1,0.0,3
150000000.0,0,150000000.0,0,0,1,1,0,1,0,0.0,1
300000000.0,11,200000000.0,1,1,9,1,0,1,1,100000000.0,3
205100000000.0,9,199600000000.0,1,1,1,1,0,1,1,5500000000.0,6
66000000.0,2,66000000.0,0,0,9,0,1,1,1,0.0,1
1700000000.0,5,1700000000.0,0,0,20,1,0,1,0,0.0,4
56000000.0,0,56000000.0,0,0,1,1,0,1,0,0.0,1
19700000000.0,13,7100000000.0,1,1,38,1,1,1,1,12600000000.0,5
4500000.0,0,4500000.0,1,1,1,1,0,1,0,0.0,1
4200000000.0,1,1800000000.0,1,0,48,1,0,1,0,2400000000.0,3
1400000000.0,0,200000000.0,0,0,1,1,0,1,0,1200000000.0,1
180000000.0,3,180000000.0,0,0,16,1,1,1,1,0.0,1
18000000000.0,2,10000000000.0,0,0,1,1,0,1,1,8000000000.0,1
156000000.0,0,40000000.0,0,0,1,1,0,1,0,116000000.0,1
5000.0,1,5000.0,0,0,1,1,0,1,0,0.0,1
5000000000.0,2,5000000000.0,0,0,17,1,0,1,0,0.0,4
300000000.0,2,300000000.0,1,1,1,1,0,1,0,0.0,1
300000000.0,1,300000000.0,0,0,7,1,0,1,0,0.0,2
4000000000.0,26,1000000000.0,0,0,4,1,1,1,1,3000000000.0,2
200000000.0,5,200000000.0,0,1,14,1,1,1,1,0.0,1
50000000.0,1,50000000.0,0,0,8,1,1,0,1,0.0,3
150000000.0,1,150000000.0,0,0,8,0,1,1,1,0.0,1
300000000.0,2,300000000.0,1,1,8,0,0,0,1,0.0,1
20000000000.0,5,20000000000.0,0,0,12,1,1,1,1,0.0,2
220000000.0,0,2396568300.8753204,0,0,16,1,0,1,1,-2176568300.8753204,4
100000000.0,0,100000000.0,0,0,1,1,0,0,0,0.0,1
10000000000.0,18,10000000000.0,1,1,1,1,0,1,1,0.0,1
1500000062.0,4,1300000000.0,0,0,1,0,1,0,1,200000062.0,1
5700000000.0,11,5700000000.0,0,0,43,1,0,1,1,0.0,4
4600000000.0,5,1100000000.0,1,1,37,1,0,1,1,3500000000.0,4
1000000000.0,7,1000000000.0,0,0,29,1,1,1,1,0.0,3
800000000.0,3,800000000.0,0,0,11,1,1,1,1,0.0,3
2050000000.0,7,300000000.0,0,0,1,1,1,1,1,1750000000.0,2
9999940673.0,12,999990241.0,0,0,8,1,1,1,1,8999950432.0,1
6000000000.0,9,5000000000.0,1,1,15,1,1,1,1,1000000000.0,4
210000000.0,3,10000000.0,0,0,1,1,0,1,1,200000000.0,1
570000000.0,1,570000000.0,0,0,1,1,0,1,0,0.0,1
1374000000.0,5,374000000.0,1,1,30,1,0,1,0,1000000000.0,1
3960000000.0,9,690000000.0,1,1,42,1,1,1,1,3270000000.0,1
4000000000.0,30,4000000000.0,0,0,24,0,1,1,1,0.0,4
35000000.0,1,35000000.0,0,0,1,1,0,1,0,0.0,1
160701100.0,0,100000000.0,0,0,4,0,0,0,1,60701100.0,1
2000000000.0,7,2000000000.0,1,1,2,1,0,1,1,0.0,4
700000000.0,0,2396568300.8753204,0,0,16,1,0,1,0,-1696568300.8753204,3
3000000000.0,9,3000000000.0,0,0,33,1,1,1,1,0.0,4
700000000.0,5,200000000.0,0,0,25,1,1,1,1,500000000.0,1
2700000000.0,13,500000000.0,0,0,11,1,0,0,1,2200000000.0,1
500000000.0,4,500000000.0,0,0,24,1,1,1,1,0.0,3
2200000000.0,8,600000000.0,1,1,22,0,1,1,1,1600000000.0,1
400000000.0,9,400000000.0,0,0,17,1,1,1,1,0.0,1
500000000.0,1,500000000.0,0,0,1,0,1,1,1,0.0,1
600000000.0,3,600000000.0,0,0,12,1,1,1,1,0.0,1
1519000000.0,12,2396568300.8753204,0,0,29,1,0,1,0,-877568300.8753204,1
1200000000.0,1,1200000000.0,0,0,1,0,0,1,0,0.0,1
540000000.0,12,500000000.0,1,1,7,0,1,1,1,40000000.0,3
10700000000.0,10,2000000000.0,0,0,45,1,0,1,0,8700000000.0,1
2000000000.0,4,500000000.0,0,0,19,1,0,1,0,1500000000.0,1
11250000.0,0,11250000.0,0,0,1,0,0,1,0,0.0,1
10000000000.0,1,10000000000.0,0,1,1,1,1,1,1,0.0,4
190000000000.0,4,3300000000.0,1,1,1,1,0,1,0,186700000000.0,1
300000000.0,6,300000000.0,0,0,13,1,0,1,1,0.0,1
10600000000.0,46,2396568300.8753204,1,1,43,1,1,1,1,8203431699.12468,4
7000000000.0,6,2396568300.8753204,0,0,1,1,0,1,0,4603431699.12468,1
500000000.0,0,500000000.0,1,1,9,1,0,1,0,0.0,1
1405000000.0,3,500000000.0,0,0,10,0,1,1,1,905000000.0,1
1550040000.0,1,999000000.0,0,0,20,1,1,1,1,551040000.0,3
5700000000.0,15,800000000.0,0,0,17,1,0,1,1,4900000000.0,4
1300000000.0,4,300000000.0,1,1,20,1,1,0,1,1000000000.0,1
99990000.0,0,99990000.0,0,0,1,0,0,1,0,0.0,1
10000000000.0,1,10000000000.0,0,0,1,1,1,1,1,0.0,1
200000000.0,0,200000000.0,0,0,1,1,0,0,0,0.0,1
99940000.0,1,99940000.0,0,0,22,1,1,1,1,0.0,3
16000000000.0,1,15000000000.0,0,0,1,0,0,1,0,1000000000.0,1
20000000.0,0,20000000.0,0,0,1,0,0,0,0,0.0,1
220000000.0,0,70000000.0,0,0,1,0,1,1,1,150000000.0,1
10000000000.0,16,8000000000.0,0,0,1,1,0,1,1,2000000000.0,1
1546170300.0,2,200010300.0,0,0,12,0,1,1,1,1346160000.0,3
125000000.0,0,50000000.0,0,0,1,1,0,1,0,75000000.0,1
200000000.0,25,2396568300.8753204,0,0,33,1,0,1,1,-2196568300.8753204,1
4100000000.0,7,4000000000.0,0,0,1,1,0,1,1,100000000.0,4
250000000.0,0,250000000.0,0,0,9,1,0,1,1,0.0,1
1000000000.0,2,1000000000.0,1,1,12,1,0,1,0,0.0,1
200000000.0,1,200000000.0,0,0,9,0,1,1,1,0.0,1
5880000000.0,2,5400000000.0,1,1,10,1,0,1,1,480000000.0,4
2940000000.0,7,2500000000.0,1,1,23,1,1,1,1,440000000.0,4
100000000.0,1,100000000.0,0,0,13,0,1,1,1,0.0,3
5500000000.0,3,5500000000.0,0,0,14,1,0,1,0,0.0,4
120000000.0,7,120000000.0,0,0,15,1,1,1,1,0.0,2
180000000.0,5,80000000.0,0,1,29,1,1,1,1,100000000.0,1
1500000000.0,5,1000000000.0,1,1,1,1,0,1,1,500000000.0,4
2000000000.0,1,2000000000.0,0,0,1,0,1,1,1,0.0,4
5500000000.0,6,100000000.0,0,0,13,1,1,1,1,5400000000.0,1
500000000.0,3,400000000.0,0,0,21,1,1,1,1,100000000.0,1
1000000.0,0,1000000.0,0,0,1,0,1,1,0,0.0,1
1148000000.0,3,68000000.0,0,0,24,1,1,1,1,1080000000.0,1
700000000.0,1,700000000.0,1,1,14,1,0,1,0,0.0,1
6000000000.0,8,3000000000.0,0,0,3,0,0,1,1,3000000000.0,4
6150000000.0,46,1000000000.0,0,0,65,1,0,1,1,5150000000.0,1
500000000.0,5,2396568300.8753204,0,0,11,1,0,1,1,-1896568300.8753204,1
100009000.0,14,100009000.0,0,0,19,1,1,1,1,0.0,3
100000000.0,0,100000000.0,1,1,4,1,0,1,0,0.0,2
430000000.0,1,200000000.0,0,0,1,1,1,1,1,230000000.0,2
150000000.0,1,150000000.0,0,0,1,1,1,1,1,0.0,2
1000000000.0,1,100000000.0,0,0,1,1,0,0,0,900000000.0,1
1000000000.0,2,1000000000.0,0,1,1,1,1,1,1,0.0,3
330000000.0,3,30000000.0,0,0,23,1,0,1,1,300000000.0,2
200000000.0,0,100000000.0,1,1,1,1,0,1,0,100000000.0,1
3000000000.0,8,2396568300.8753204,0,0,9,1,1,1,1,603431699.1246796,3
1500000000.0,3,2396568300.8753204,1,1,40,1,0,1,0,-896568300.8753204,3
2000000000.0,1,2000000000.0,0,0,15,1,0,0,1,0.0,4
8000000000.0,0,7000000000.0,1,1,1,1,0,1,0,1000000000.0,1
80000000.0,0,80000000.0,0,1,1,1,0,0,0,0.0,3
2500000.0,3,2000000.0,0,0,10,0,0,0,1,500000.0,1
300000000.0,2,300000000.0,0,0,1,1,1,1,1,0.0,1
1700000000.0,9,700000000.0,0,1,1,1,0,1,1,1000000000.0,1
8500000000.0,14,2396568300.8753204,1,1,27,1,0,1,1,6103431699.12468,1
1190000000.0,0,200000000.0,0,0,1,0,0,1,0,990000000.0,1
400000000.0,2,400000000.0,0,0,1,0,1,1,1,0.0,3
678750000.0,0,245000000.0,0,0,1,0,0,0,1,433750000.0,3
2640000000.0,2,2640000000.0,0,0,30,0,0,1,1,0.0,3
500000000.0,10,2396568300.8753204,0,0,13,1,1,1,1,-1896568300.8753204,3
500000000.0,2,100000000.0,0,0,1,0,1,0,1,400000000.0,2
2650000000.0,17,150000000.0,1,1,12,1,1,1,1,2500000000.0,3
35000000.0,0,35000000.0,0,0,1,1,0,1,0,0.0,1
200000000.0,0,200000000.0,0,0,1,1,0,0,0,0.0,1
14000000000.0,21,3000000000.0,0,0,13,1,0,1,1,11000000000.0,4
50000000.0,0,50000000.0,0,0,1,0,1,1,0,0.0,1
600000000.0,0,300000000.0,0,0,14,1,1,1,1,300000000.0,3
2700000000.0,6,1200000000.0,0,0,29,0,1,1,1,1500000000.0,2
20900000000.0,17,8000000000.0,1,1,23,1,1,1,1,12900000000.0,4
22500000000.0,11,3800000000.0,1,1,9,1,0,1,1,18700000000.0,4
3500000000.0,0,3500000000.0,1,1,1,1,0,1,0,0.0,1
3100000000.0,14,1000000000.0,0,1,18,1,0,1,0,2100000000.0,1
200000000.0,0,200000000.0,0,0,1,1,1,1,1,0.0,4
300000000.0,4,300000000.0,1,1,17,1,0,1,1,0.0,1
1000000000.0,0,2396568300.8753204,0,0,6,0,0,1,1,-1396568300.8753204,3
600000000.0,0,2396568300.8753204,0,0,24,1,1,1,1,-1796568300.8753204,2
35500000000.0,20,1000000000.0,1,1,18,1,1,1,1,34500000000.0,3
150000000.0,0,100000000.0,0,0,1,0,0,1,0,50000000.0,1
9000000.0,0,5000000.0,0,0,1,0,0,0,0,4000000.0,1
1550000000.0,0,550000000.0,1,0,19,1,0,1,0,1000000000.0,1
18220000000.0,11,5400000000.0,1,1,32,1,0,1,0,12820000000.0,4
64300000.0,0,64300000.0,0,1,1,1,0,1,0,0.0,1
1625000000.0,5,220000000.0,1,1,21,1,1,1,1,1405000000.0,3
2000000000.0,9,2000000000.0,0,0,1,1,0,1,1,0.0,1
20000000.0,0,20000000.0,0,0,1,1,0,1,0,0.0,1
400000000.0,2,300000000.0,1,1,39,1,1,1,1,100000000.0,2
750000000.0,11,2396568300.8753204,0,0,37,1,1,1,1,-1646568300.8753204,3
500000000.0,3,500000000.0,0,0,1,0,1,1,1,0.0,3
350000000.0,4,100000000.0,0,0,7,1,0,1,1,250000000.0,1
17350000000.0,0,5850000000.0,0,0,21,1,0,1,0,11500000000.0,1
14130106250.0,0,100000000.0,0,0,1,0,0,0,1,14030106250.0,1
600000000.0,0,600000000.0,0,0,3,0,0,1,0,0.0,1
25000000.0,1,10000000.0,0,0,8,1,1,1,1,15000000.0,1
1600000000.0,0,1600000000.0,1,1,1,1,0,1,0,0.0,1
1000000000.0,1,500000000.0,1,1,15,1,0,1,1,500000000.0,3
500000000.0,1,500000000.0,0,0,17,1,0,1,1,0.0,3
3200000000.0,7,3200000000.0,0,0,4,1,0,1,1,0.0,4
4500000000.0,10,4500000000.0,0,0,24,1,0,0,0,0.0,1
2000000000.0,12,1000000000.0,0,0,7,1,1,1,1,1000000000.0,2
50000000.0,0,50000000.0,0,1,14,1,0,1,1,0.0,3
2100000000.0,0,2100000000.0,0,1,1,0,0,1,0,0.0,4
